8.991111645933951877e+02,5.182088284241087877e+02,3.145023064212775221e+00,4.100000098067278600e+02,1.248134070406717058e+02,2.020141678768875240e-06,0.000000000000000000e+00,-1.359999999999999787e+01,0.000000000000000000e+00,4.499999811951873312e+02,1.248133944647853184e+02,6.529136868823581569e-07,0.000000000000000000e+00,-1.359999999999999787e+01,0.000000000000000000e+00,4.900000391736479060e+02,1.248133590815097875e+02,1.715777742970283325e-06,0.000000000000000000e+00,-1.359999999999999787e+01,0.000000000000000000e+00,0.000000000000000000e+00,0.000000000000000000e+00,1.029123186894943393e-01
8.985156708919336097e+02,5.192352384154349920e+02,3.147310004628096625e+00,4.100000098067278600e+02,1.241822959295605955e+02,2.020141678768875240e-06,0.000000000000000000e+00,-2.693333333333333712e+01,0.000000000000000000e+00,4.499999811951873312e+02,1.241822833536742081e+02,6.529136868823581569e-07,0.000000000000000000e+00,-2.693333333333333712e+01,0.000000000000000000e+00,4.900000391736479060e+02,1.241822479703986772e+02,1.715777742970283325e-06,0.000000000000000000e+00,-2.693333333333333712e+01,0.000000000000000000e+00,0.000000000000000000e+00,0.000000000000000000e+00,6.860821245966884641e-02
8.981173716875337050e+02,5.199187539954336899e+02,3.148834631571646447e+00,4.100000098067278600e+02,1.231067403740050423e+02,2.020141678768875240e-06,0.000000000000000000e+00,-4.026666666666666572e+01,0.000000000000000000e+00,4.499999811951873312e+02,1.231067277981186550e+02,6.529136868823581569e-07,0.000000000000000000e+00,-4.026666666666666572e+01,0.000000000000000000e+00,4.900000391736479060e+02,1.231066924148431241e+02,1.715777742970283325e-06,0.000000000000000000e+00,-4.026666666666666572e+01,0.000000000000000000e+00,0.000000000000000000e+00,0.000000000000000000e+00,4.573880830646359641e-02
8.945142275320774843e+02,5.203804156258353260e+02,3.149865166524011162e+00,4.100000098067278600e+02,1.215867403740050463e+02,2.020141678768875240e-06,0.000000000000000000e+00,-5.359999999999998721e+01,0.000000000000000000e+00,4.499999811951873312e+02,1.215867277981186589e+02,6.529136868823581569e-07,0.000000000000000000e+00,-5.359999999999998721e+01,0.000000000000000000e+00,4.900000391736479060e+02,1.215866924148431281e+02,1.715777742970283325e-06,0.000000000000000000e+00,-5.359999999999998721e+01,0.000000000000000000e+00,-1.000000000000000000e+02,0.000000000000000000e+00,3.261008737088451348e-02
8.847063343656898269e+02,5.265132668660744457e+02,3.163601289035228081e+00,4.078854579466375299e+02,1.195758984485810146e+02,1.490615593524177371e-02,-9.786601395952530424e+01,1.607034131905539009e+00,8.472216931061758716e-02,4.478593275204314637e+02,1.199103437372556016e+02,1.676961444936337503e-02,-9.909126340896958141e+01,-1.475656075681178181e-01,-2.515778908751299670e-04,4.875897183243773725e+02,1.207515221134218422e+02,6.445272426452630654e-02,-8.587270492221490770e+01,1.886136874587574042e+01,9.250908979466321291e-01,-1.724979064315947710e+02,-3.301201251954020144e-01,5.926482346608744622e-01
8.706807307969010026e+02,5.353384530378475574e+02,3.183540357048003422e+00,4.025280373426050460e+02,1.199904528710354583e+02,3.607178125242553601e-02,-1.672086157901797776e+02,7.995746736913670993e+00,5.603767801221735123e-01,4.425146774340606726e+02,1.202571006397391074e+02,3.780167602090248741e-02,-1.665486839288985550e+02,7.976580829735722133e+00,5.603748293065263786e-01,4.824191156141993133e+02,1.216910412618437931e+02,8.722011609139142252e-02,-1.693075282847307790e+02,2.754555511181328242e+01,4.132603420128758143e-01,-2.549054930625835595e+02,6.370141752352739273e-01,6.448363758818698166e-01
8.517116544544529688e+02,5.469913805280099268e+02,3.210263808647308093e+00,3.950501229540585655e+02,1.204852302879828869e+02,6.536485301555670924e-02,-2.277141921565370808e+02,9.670426824297834401e+00,7.078541444593187126e-01,4.350892349023309862e+02,1.207037037818633110e+02,6.718839388726935424e-02,-2.260118655477039908e+02,9.643361409191458122e+00,7.078542432686786290e-01,4.750928830708760415e+02,1.229081278033175266e+02,1.165609626858013642e-01,-2.280516929398323782e+02,3.724166852849457143e+01,6.702265884610746349e-01,-3.403982262828751004e+02,7.859482894722706892e-01,8.358539059611668209e-01
8.266752438748750365e+02,5.624145003993106684e+02,3.246468367464857341e+00,3.857347264468244816e+02,1.210036252566111727e+02,9.910066162008335233e-02,-2.805706577007498481e+02,1.064857193296424143e+01,8.224325620647975343e-01,4.258743667547246332e+02,1.212765741849036232e+02,1.013399288236141171e-01,-2.775089390009932799e+02,1.060909241303354023e+01,8.224327221438433311e-01,4.660194495169061497e+02,1.245800389767223209e+02,1.578687626567503166e-01,-2.774683961355221413e+02,4.937921342646968270e+01,1.062596395419450168e+00,-4.280794023208210888e+02,-1.596372631856290691e-01,1.108796586958390007e+00
7.954337509617261048e+02,5.836169098682933054e+02,3.292881875883195697e+00,3.757446668898404596e+02,1.214534151178416579e+02,1.303626000361571835e-01,-2.896847068836929111e+02,9.432134415590137877e+00,7.685368773680255616e-01,4.160290551368567549e+02,1.216877661891124660e+02,1.331109639218846230e-01,-2.861670871656960458e+02,9.053067683729510762e+00,7.412678931869295385e-01,4.563981174751745584e+02,1.262140336247750696e+02,2.080863111759763406e-01,-2.845032411747027936e+02,4.649164268087128704e+01,1.184954156284697024e+00,-4.954210755135908357e+02,7.412403971451544749e+01,1.410684889236262451e+00
7.570185390892438591e+02,6.089731395165282493e+02,3.351202443270936193e+00,3.655940784308281764e+02,1.218199569062793728e+02,1.572505309185759093e-01,-2.930242140999770868e+02,7.446403141124307012e+00,6.373785139697579760e-01,4.060350096678773753e+02,1.220168139120363691e+02,1.601989124127525532e-01,-2.890560338911787426e+02,7.404835455750263584e+00,6.373785139711622971e-01,4.466699341981554312e+02,1.277132826098305856e+02,2.609471512857927666e-01,-2.863256663543506306e+02,4.322996897402425986e+01,1.246325432387912935e+00,-5.612675942256918233e+02,8.071550247438011638e+01,1.788049157923850441e+00
7.113896671935206086e+02,6.366377100803525764e+02,3.419413979917603097e+00,3.552758229097277081e+02,1.220861187944752828e+02,1.773978491823145764e-01,-2.985828268500303579e+02,5.153868256718713958e+00,4.587244420568983849e-01,3.958567653801758865e+02,1.222531604372834977e+02,1.805269376883187060e-01,-2.953162735445388876e+02,5.121786295253762056e+00,4.587244419981690857e-01,4.368599218303666021e+02,1.291270723688981548e+02,3.204447994322505711e-01,-2.898546561261509282e+02,4.183699232499829179e+01,1.427696267085921678e+00,-6.286955552651826338e+02,7.537285160971588027e+01,2.104618604568732732e+00
6.666680220499190455e+02,6.633063455661456373e+02,3.491453777171823258e+00,3.453044928295158229e+02,1.223032647258998793e+02,1.944774482322001730e-01,-2.919611212930498709e+02,5.631320744100798414e+00,5.189126925109147637e-01,3.860183192204438569e+02,1.224451977501861819e+02,1.977102553169471366e-01,-2.878660199648416551e+02,5.593510279968129772e+00,5.189126941032918827e-01,4.272344424635448945e+02,1.303256847118701103e+02,3.669036599474406746e-01,-2.859699209688640167e+02,3.081563967617642419e+01,1.098869368519252987e+00,-5.065586520082761126e+02,5.534225814226628160e+01,2.224600400578106818e+00
6.266040344370676394e+02,6.852040914408864865e+02,3.557203875083081890e+00,3.356476740501284439e+02,1.225166998648405752e+02,2.123403072157489524e-01,-1.714344715688352778e+02,3.650532242925203974e+01,1.046860262669146335e+00,3.765145482201608047e+02,1.226387086592025071e+02,2.157365344518887007e-01,-1.715747611657458833e+02,7.940320613079315137e+01,1.048560758137118798e+00,4.177778562257040562e+02,1.312140194912408049e+02,3.978830589377972404e-01,-2.026649875903566453e+02,3.498971407817240475e+01,-2.577529042132421733e+00,-4.160774227904922213e+02,1.882407723700591617e+01,1.625095024324550330e+00
5.943373276083070778e+02,7.003680715193256674e+02,3.607791848326634021e+00,3.315833000065593410e+02,1.236989273180815871e+02,2.730691772850343813e-01,-1.284512494113281207e+02,4.216128675699967232e+01,1.723292609621661420e+00,3.724225988951431532e+02,1.260823688665210085e+02,2.739860058905546625e-01,-1.116883492132100741e+02,8.052239661147645222e+01,-1.034130356691199126e-01,4.119826883530108717e+02,1.324388422997809585e+02,2.647206489102869598e-01,-9.215293581867177863e+01,5.623070287042252602e+01,-1.323834485979714648e+00,-3.271845529027774546e+02,3.261379459530495684e+00,1.423399043091679417e+00
5.673658162916462970e+02,7.122943665069908548e+02,3.651264674862860549e+00,3.287229182322240604e+02,1.252924018055474278e+02,3.576361712998883946e-01,-7.754549446441161820e+01,4.165035313191776822e+01,2.595599285226696917e+00,3.705361708254479254e+02,1.291449283013565434e+02,2.549322747255446941e-01,-4.952523761029940630e+01,8.655518467241445535e+01,-6.544673830809591974e-01,4.102909372223537616e+02,1.347008859455631296e+02,2.478429292958680141e-01,-4.462521015717330641e+01,6.293465257712993122e+01,-5.534563445703898354e-01,-2.378909923835323923e+02,-3.481720276170900075e+00,1.279905787795184935e+00
5.456242227991060645e+02,7.218854791332889818e+02,3.688601138564734594e+00,3.282653337192580238e+02,1.268991657740643006e+02,4.116396781771188840e-01,3.455213846690297075e-01,3.989172973674142497e+01,1.091474718708926872e+00,3.704805266738477485e+02,1.317335106664066018e+02,2.540113252181574466e-01,5.981173378427230070e+00,6.752220911839788187e+01,5.994027989279603758e-02,4.102788960001410601e+02,1.371925551363949580e+02,2.482059632333262766e-01,5.651497967022037550e+00,6.991742897251529598e+01,5.994015635307524403e-02,-1.501359347143325067e+02,-1.746078496412830194e+00,1.091474728470818834e+00
5.297322407596120684e+02,7.291826912669362173e+02,3.718914241754318617e+00,3.299370966761058526e+02,1.283147115195888830e+02,4.502676008218137182e-01,6.069656393947975204e+01,3.190535406667324736e+01,8.857303249441649262e-01,3.723006005301577375e+02,1.340251024410067657e+02,2.672327980805996872e-01,6.081429080974404400e+01,6.065508749349945106e+01,3.930623188562848980e-01,4.120571226473289812e+02,1.399145944353539903e+02,2.619280565179976095e-01,5.848370811479318832e+01,7.634023795976374061e+01,3.930623046438184165e-01,-6.133702605659233598e+01,-2.104620779485459447e+00,8.857303140760066640e-01
5.202137553742472846e+02,7.343185576363100608e+02,3.741509146208535697e+00,3.335252541829991628e+02,1.295837788661699790e+02,4.799894329289124961e-01,1.164913100461035356e+02,2.733915021738143025e+01,6.576426633310307190e-01,3.758672370441988733e+02,1.361351230473117369e+02,2.897669896736660422e-01,1.121243375217874814e+02,5.529100080998964728e+01,6.626768564290953512e-01,4.155151960158681277e+02,1.428291997458027822e+02,2.848632380005148845e-01,1.076618916377640574e+02,8.165506416267798784e+01,6.626768388860113657e-01,2.824410885396514104e+01,-2.358969044674177340e+00,6.576426565666044777e-01
5.174660818329568883e+02,7.374212883266995959e+02,3.755859558516133845e+00,3.389060817802399583e+02,1.307674600669901963e+02,5.002591709269194054e-01,1.689798099910651104e+02,2.461890782664264066e+01,4.130202615326067361e-01,3.810792184488078647e+02,1.380955801728909194e+02,3.204478514162283909e-01,1.605720981564405463e+02,5.065436462272990070e+01,9.061623809479709690e-01,4.205385175469429555e+02,1.459197819847692301e+02,3.158540290190415822e-01,1.534452346398951477e+02,8.652370841941309720e+01,9.061623772533687893e-01,1.184628019485153345e+02,-2.500784378582447065e+00,4.130202698301104203e-01
5.217644651382432812e+02,7.385753272237275269e+02,3.761601337092412400e+00,3.459613457115619894e+02,1.319378375700242430e+02,5.109106898346097436e-01,2.183224522452038343e+02,2.425979877068744628e+01,1.564777430364945598e-01,3.878360059360055061e+02,1.399456596515883291e+02,3.582554953004328802e-01,2.061716867202822812e+02,4.729015899753232333e+01,1.118932026665172330e+00,4.270080429892547045e+02,1.491806356748065525e+02,3.538838846084570999e-01,1.957917062198383178e+02,9.124734274355625985e+01,1.118932082110638326e+00,2.093102217886537346e+02,-2.733354642866033135e+00,1.564777785145549660e-01
5.334097187299896632e+02,7.377404749648835605e+02,3.758190261338076876e+00,3.546604605230836569e+02,1.330697734240850423e+02,5.115998880452675701e-01,2.671875390777052530e+02,2.313043285374041247e+01,-1.170285217250614934e-01,3.960836932539731379e+02,1.416782703732189930e+02,4.041243805649528675e-01,2.503525165889403468e+02,4.325150612919329518e+01,1.381769747647320523e+00,4.348309053466639398e+02,1.526319006197182659e+02,3.998245675659351517e-01,2.354496090598211708e+02,9.657817538826014925e+01,1.368544091141035812e+00,3.004633004859108496e+02,-2.677520923961183463e+00,-1.170284661633131523e-01
5.526504698184368181e+02,7.347534155915234351e+02,3.745076598469693430e+00,3.650023298627804138e+02,1.341302832677201593e+02,5.018844157774935422e-01,3.161850645466066112e+02,2.056542256543794167e+01,-4.095522508545035856e-01,4.058106556486685008e+02,1.432339335053430034e+02,4.563564150104155170e-01,2.933335799924234948e+02,3.765196401218425848e+01,1.693516335860828725e+00,4.438426376980136183e+02,1.562819127127565082e+02,4.618145228690041515e-01,2.727295698626180069e+02,1.030535594966249278e+02,1.737604757210246431e+00,3.918460638408986370e+02,-2.554055446870219903e+00,-4.095522508543015805e-01
5.801087603786547788e+02,7.290472595390033348e+02,3.720645736425907124e+00,3.768947111376243129e+02,1.349830497166518910e+02,4.824267280886555542e-01,3.557650266057603403e+02,1.552760054749104590e+01,-6.675471571324332887e-01,4.173161509009306087e+02,1.447200064536276329e+02,5.135742321159897372e-01,3.683179014070683479e+02,4.092507562894834905e+01,1.396713633377534514e+00,4.544177153377784180e+02,1.602375508274859328e+02,5.193220303814189975e-01,3.358484559404133165e+02,1.139581076189645756e+02,1.426010339859324016e+00,4.800005192041256237e+02,-3.275989181410458251e+00,-7.818507245913789427e-01
6.156204444234242601e+02,7.203528583252893895e+02,3.684613577490266856e+00,3.902269541836802205e+02,1.359652577529169264e+02,4.499033034839939327e-01,4.016213919244038948e+02,2.133780792672166626e+01,-1.066151268865239254e+00,4.309895058605027316e+02,1.461633569171838758e+02,5.397816038451602738e-01,4.148595549540091270e+02,3.456574744293986612e+01,9.570479965457306948e-01,4.667663093302571724e+02,1.641175585883184169e+02,5.421262579007208871e-01,3.760090287496953465e+02,1.077861887541643284e+02,9.570392760354985429e-01,5.620000100330245232e+02,2.068957696004642344e+01,-1.209597306844218068e+00
6.600440207525006144e+02,7.075483628339225106e+02,3.633636456628781986e+00,4.045459617577070048e+02,1.369359065325807876e+02,4.008582677137708661e-01,4.295217423328060704e+02,2.055043756828068879e+01,-1.574422020072550721e+00,4.458467581063006264e+02,1.472113229512968076e+02,5.623978517517925768e-01,4.494189845486104105e+02,2.180534416901452133e+01,9.529722211912046159e-01,4.801120930766053334e+02,1.677553942769834805e+02,5.648996249144416781e-01,4.015416485094648351e+02,9.960411218976413750e+01,9.617526978468339260e-01,6.467805099292727391e+02,2.216534031203025989e+01,-1.574419533384533665e+00
7.124209335106561412e+02,6.892025379373551459e+02,3.569031894604400179e+00,4.200755888483607805e+02,1.377550725091065544e+02,3.373831914186686820e-01,4.688771223972294706e+02,1.568048531855036387e+01,-1.977003467055123975e+00,4.621163801212395015e+02,1.478433644671637239e+02,5.901761319931627670e-01,4.927297052766294314e+02,1.009002355287968378e+01,1.105597535167948120e+00,4.945630094013629900e+02,1.712065478578174691e+02,5.929165630653449037e-01,4.355465729600377927e+02,9.393352077765290176e+01,1.126071482456629802e+00,7.341483942200003412e+02,1.095217601787606831e+01,-1.977003465522632952e+00
7.721948597711900675e+02,6.640645385927106190e+02,3.490262580824178062e+00,4.371355421103605181e+02,1.381756789314803484e+02,2.599823772635671548e-01,5.161403117176303113e+02,2.331758099364551029e+00,-2.386102805864268372e+00,4.800312418693713994e+02,1.480626587897083937e+02,6.323621678839081994e-01,5.405653089031538912e+02,-1.642071838679499463e+00,1.511477941206009312e+00,5.102228507065449890e+02,1.745268280187273433e+02,6.333704623596230210e-01,4.722208910060803078e+02,9.008823364546336165e+01,1.506729809164778500e+00,8.253635201538031652e+02,-7.382593504710334154e-01,-2.386102802934014999e+00
8.391978211824946357e+02,6.302427867049761971e+02,3.394548880422023629e+00,4.555745732184495864e+02,1.381992048646317244e+02,1.661642860122287679e-01,5.527215760586257147e+02,-8.523615823502886713e+00,-2.882021532179789958e+00,4.993545611356686322e+02,1.478295231984758686e+02,6.890795007435179809e-01,5.785858611543635561e+02,-1.392753428442682129e+01,1.911516119130593827e+00,5.265176435248512234e+02,1.775862084341667355e+02,6.890260201773651394e-01,4.934769071514123198e+02,8.348295351839423972e+01,1.911514179344889541e+00,9.189729979713011971e+02,-6.835922336210769057e-01,-2.889810461632650096e+00
9.116336910898630777e+02,5.859039093963219784e+02,3.281224914911283985e+00,4.750543058989729275e+02,1.381862821657578024e+02,5.468459835230120303e-02,5.821150919351397306e+02,-6.127466915874975939e+00,-3.394456133399079700e+00,5.196103913914245140e+02,1.473511320679398011e+02,7.562882221907097913e-01,6.065075501114299641e+02,-2.004957047521878621e+01,2.030325915515781343e+00,5.434673733069129185e+02,1.804166065199187017e+02,7.561243941048859663e-01,5.091406350007408150e+02,7.597737126895142978e+01,2.030414329953153629e+00,1.014107735792440849e+03,-1.917902031159545384e+00,-3.413789382280912221e+00
9.861954540145454757e+02,5.305011365673126420e+02,3.152167122474434535e+00,4.954633594746913445e+02,1.383187525517940060e+02,-7.284576912569644402e-02,6.058812144584073849e+02,2.858611453807885727e+00,-3.849967059026045746e+00,5.410519607597271943e+02,1.464102111661346726e+02,8.173221493649931446e-01,6.558396980170170991e+02,-3.909960895685859583e+01,2.084257169122343711e+00,5.604981793919049551e+02,1.828094305658862311e+02,8.242691677248473736e-01,5.158158937318471544e+02,6.599056337758217694e+01,2.089601498832351467e+00,1.108789500515109239e+03,-1.329948799778255752e+00,-3.898455997548765151e+00
1.058801008326122428e+03,4.651565976018162587e+02,3.011442879890872337e+00,5.167298250717416295e+02,1.381862244731711371e+02,-2.131196484316486006e-01,6.376600766247771617e+02,-1.113602459155882407e+01,-4.217326860863750859e+00,5.638970680708994223e+02,1.449310310237878525e+02,8.875062240270421565e-01,6.854094757716129607e+02,-4.993968921240651326e+01,2.018941422722723811e+00,5.781213829573538305e+02,1.850820196842060739e+02,8.999628097948173533e-01,5.306152998984990745e+02,6.060468220708783349e+01,2.303118668612017306e+00,1.203712964109267887e+03,-6.519601685727345330e-01,-4.242704086614280889e+00
1.125603361537602041e+03,3.942712580946942467e+02,2.867438255238127898e+00,5.388265258756367757e+02,1.376025359674105459e+02,-3.541583379706544354e-01,6.624341444570807198e+02,-2.396147568243466708e+01,-4.110810841302579455e+00,5.869125656913598732e+02,1.430474936169996454e+02,9.587353839056501625e-01,6.900717876047016262e+02,-6.418870278945743735e+01,2.103322222593405844e+00,5.958085596206369701e+02,1.869243979799978774e+02,9.767334320818846782e-01,5.306152998984990745e+02,4.727134887375451200e+01,2.303118668612017306e+00,1.301750538798241450e+03,2.718653341733967554e-02,-4.340559143460682279e+00
1.185177044885834675e+03,3.218669326765266305e+02,2.725577049737607727e+00,5.613814778604435105e+02,1.365512005417497789e+02,-5.024423660650929602e-01,6.781868180824478713e+02,-3.895627226832196754e+01,-4.422677814143455954e+00,6.099326058219559172e+02,1.407146844608284084e+02,1.030489390604531152e+00,6.910628421093480256e+02,-7.851979681618720974e+01,2.208635089008732955e+00,6.134957362839201096e+02,1.883223318313452523e+02,1.053504054368951559e+00,5.306152998984990745e+02,3.393801554042119051e+01,2.303118668612017306e+00,1.392260165648431666e+03,2.111259311591928878e+01,-4.436684715124084910e+00
1.237541122697407218e+03,2.521881043170627947e+02,2.591008587246942607e+00,5.839796333921057112e+02,1.350841884134561610e+02,-6.488848033352887512e-01,6.777832311948171764e+02,-5.182420268024288390e+01,-4.373669987414152693e+00,6.329761056300201290e+02,1.379102720640828181e+02,1.105035362391118658e+00,6.914664289969787205e+02,-9.231853307093297190e+01,2.254875196656885183e+00,6.311829129472032491e+02,1.892758212382481702e+02,1.130274676656018329e+00,5.306152998984990745e+02,2.060468220708785125e+01,2.303118668612017306e+00,1.491609220908736688e+03,1.627361849237531688e+00,-4.064908191187516451e+00
1.231752487898219215e+03,1.886963008228069327e+02,2.468060409514833076e+00,6.065724077652660071e+02,1.331789372130036497e+02,-7.946738029157605077e-01,6.777832311948171764e+02,-6.515753601357620539e+01,-4.373669987414152693e+00,6.560249865965862455e+02,1.346552098506072923e+02,1.180197868946348372e+00,6.914664289969787205e+02,-1.056518664042663289e+02,2.254875196656885183e+00,6.488700896104863887e+02,1.897848662007066594e+02,1.207045298943085099e+00,5.306152998984990745e+02,7.271348873754519104e+00,2.303118668612017306e+00,0.000000000000000000e+00,0.000000000000000000e+00,-3.688445331963290386e+00
1.227795900283796300e+03,1.594223032944003933e+02,2.412244779864812561e+00,6.213086576918919945e+02,1.341157343238602095e+02,-8.005785403089583641e-01,1.143944176701305793e+02,1.659773229334141718e+02,5.918632352802710272e+00,6.683855504697781953e+02,1.394529042731936102e+02,1.056409704423419527e+00,1.580552939254018270e+02,2.882091858805031279e+02,-9.346912374377555066e-01,6.665572662737695282e+02,1.898494667187206915e+02,1.283815921230151869e+00,5.306152998984990745e+02,-6.061984459578813045e+00,2.303118668612017306e+00,7.311999657308425071e+01,-4.344417185989509278e+01,-9.350007370457272815e-01
1.221064807004406248e+03,1.321836977484195756e+02,2.358837339770651020e+00,6.206563951525688481e+02,1.403193235011930255e+02,-5.557253353642789273e-01,-4.435012822090848772e+01,1.798381621837943385e+02,7.008038841465813462e+00,6.690831080935304271e+02,1.504324408063083069e+02,9.849490976220475202e-01,-2.244971018696817922e+01,2.645076023244913017e+02,-1.515367777540449490e+00,6.840653955275278122e+02,1.914339740102380745e+02,1.271635333816222069e+00,5.157549488634830368e+02,1.221033719565979538e+02,-4.245122910259442328e+00,-3.272676691020747430e+00,-1.055497414070302398e+01,-1.515200688436951992e+00
1.211924715615210971e+03,1.110792733938755532e+02,2.316898760402048119e+00,6.188872667309287863e+02,1.460503223474033234e+02,-3.251676091266952340e-01,-4.885961164054976535e+01,1.639369212274585834e+02,6.838805511956481453e+00,6.668254180569443861e+02,1.602496589462992631e+02,9.174537551924859535e-01,-6.577807856043742163e+01,2.777931251425792425e+02,-1.455224538624728225e+00,6.975110618542980774e+02,1.973537555347174930e+02,9.166634102856716648e-01,2.406544791911199184e+02,2.556628812912383353e+02,-1.998195124199697759e+01,-8.174345525998914752e+01,-1.139625274642616226e+01,-1.139070160871255011e+00
1.201952421726442026e+03,9.736509594639559850e+01,2.289653949069477168e+00,6.172586130095770613e+02,1.513371086105408097e+02,-9.720742539481252997e-02,-4.885961164054976535e+01,1.506035878941252975e+02,6.838805511956481453e+00,6.643931821899544730e+02,1.695520924822931192e+02,8.555673527008792467e-01,-6.577807856043742163e+01,2.644597918092458144e+02,-1.455224538624728225e+00,6.983511348339226288e+02,2.097221330591301580e+02,5.359753774295883400e-01,-2.289905193862854560e+01,3.879073179837566272e+02,-9.536499223615351184e+00,-1.641732198513392689e+02,-9.705184668390110403e+00,-7.987402016604369104e-01
1.190002024325216553e+03,8.831642086389854285e+01,2.271221843584665834e+00,6.156299592882253364e+02,1.561794504292338956e+02,1.307527583370701740e-01,-4.885961164054976535e+01,1.372702545607920115e+02,6.838805511956481453e+00,6.616523142379274987e+02,1.785578362411184514e+02,8.205181719567196108e-01,-8.168546852157668070e+01,2.604361535990379366e+02,-6.707844407931372599e-01,6.974615975075563483e+02,2.225910219138804962e+02,2.222005204281704005e-01,-2.344020995323194612e+01,3.748906938114924401e+02,-9.531816916345196233e+00,-2.630766499862898513e+02,-6.417602856129915878e-01,-5.515693895078386255e-01
1.176800501824951198e+03,8.511677634443094576e+01,2.264736682316462080e+00,6.140013055668736115e+02,1.605773478034824961e+02,3.587129420689528225e-01,-4.885961164054976535e+01,1.239369212274586971e+02,6.838805511956481453e+00,6.579986003670584296e+02,1.876742394661168021e+02,8.059018965136431900e-01,-1.134447124595093186e+02,2.663934708544909995e+02,-1.861763002405169287e-01,6.966704930726349403e+02,2.349192659509705834e+02,-9.546093190906132508e-02,-2.344020995323194612e+01,3.615573604781590120e+02,-9.531816916345196233e+00,-3.609593670570938571e+02,-1.286043372585745415e+00,-1.861763002405188716e-01
1.162321380253097004e+03,8.701210864353379293e+01,2.268827956807605961e+00,6.123726518455218866e+02,1.645308007332866964e+02,5.866731258008355265e-01,-4.885961164054976535e+01,1.106035878941253401e+02,6.838805511956481453e+00,6.529689019907641523e+02,1.971953449224177461e+02,8.044150951799572402e-01,-1.597933541848033201e+02,2.814577723255513320e+02,1.379704666550610470e-01,6.948732231503461207e+02,2.474166171598187702e+02,-4.425259380792708752e-01,-6.151213263131496234e+01,3.715692161026479994e+02,-1.063192352385615891e+01,-4.553313294302017766e+02,-3.449521584147747344e+00,1.379704666550622683e-01
1.146860992964255729e+03,9.462586611925431157e+01,2.284749860456982695e+00,6.082396341693431623e+02,1.695397490854995226e+02,8.168530723810966121e-01,-2.425496336674007125e+02,2.128161188337813599e+02,9.518591727072419628e-01,6.461413100392289834e+02,2.073689380490208123e+02,8.134285164165264703e-01,-2.099967043817377430e+02,2.984968867026782391e+02,3.996078889564127490e-01,6.928228187293020710e+02,2.596244799187958847e+02,-7.969233888744761130e-01,-6.151213263131496234e+01,3.582358827693145713e+02,-1.063192352385615891e+01,-5.390717712819492817e+02,-9.727887465563316738e+00,6.235014158439098342e-01
1.129778267174915527e+03,1.051244876390327931e+02,2.306788023953646682e+00,5.987052644223839479e+02,1.773078952782658746e+02,8.387599354545791641e-01,-3.042170087245269201e+02,2.351188197693558095e+02,6.848761656575501622e-01,6.375085650608222068e+02,2.181530882810591265e+02,8.324872402158343121e-01,-2.756803631831251096e+02,3.230708269481606294e+02,6.848761656575511614e-01,6.852776137728343429e+02,2.746064079353354828e+02,-9.631673262991560236e-01,-2.717762708706053445e+02,4.669251270269169254e+02,-3.584995152435800136e+00,-6.165640931420969082e+02,-1.303772569591067487e+01,6.848761656575491630e-01
1.112157665942462927e+03,1.234166382464448191e+02,2.342546341198930460e+00,5.871685412206068122e+02,1.857588603064203312e+02,8.708084888837603899e-01,-3.636609802616836760e+02,2.540629301878138904e+02,1.142170920049774052e+00,6.261460082069071404e+02,2.300098787507736233e+02,8.657276638976297845e-01,-3.636960875777195383e+02,3.575354422934702256e+02,1.142170920049772942e+00,6.669370138639126253e+02,2.797669687221234653e+02,-7.751766017588161972e-01,-6.966288933503390126e+02,2.758761162477911810e+01,3.732012374431055601e+00,-6.784099385813307208e+02,2.306191930922467392e+01,1.142170920049771388e+00
1.092223355381112469e+03,1.445827158618984924e+02,2.385113658670808157e+00,5.735029159075570533e+02,1.948581559880877876e+02,9.111729788800658758e-01,-4.332741447886197648e+02,2.749233919696062571e+02,1.304512374658253204e+00,6.120690208711262130e+02,2.428046767004123581e+02,9.070575332227642784e-01,-4.483073026069475304e+02,3.857239904359757361e+02,1.304512374658242990e+00,6.411088288787346983e+02,2.815904668469710259e+02,-7.130100677528188324e-01,-7.871316693222520371e+02,5.572310097212218949e+01,1.345643854376129100e+00,-7.620947948794598688e+02,-7.812299951442723156e+00,1.304512374658247653e+00
1.070258279755252943e+03,1.733162399503697202e+02,2.441655749400710729e+00,5.572170527134849181e+02,2.047129942656112576e+02,9.640544742716977700e-01,-5.132986431022984561e+02,2.963419450784936657e+02,1.774864782668030605e+00,5.903076694434488445e+02,2.526708468588961694e+02,9.419449615465025349e-01,-8.496584526806184385e+02,1.183192126562701105e+02,3.478132846103322295e-01,6.124260220469448086e+02,2.848318823797638402e+02,-6.732988574344511701e-01,-8.619893082822993620e+02,1.292454156361672233e+02,4.867766271693883540e-01,-8.250125757229667443e+02,8.830927333784849509e+00,1.774864782668036378e+00
1.045122960044050387e+03,2.097708175921571865e+02,2.512563098448641341e+00,5.377880959239918184e+02,2.153354688988350745e+02,1.032678597297915557e+00,-6.199011550966317827e+02,3.213154726296083368e+02,2.155432156157484513e+00,5.605354793593327258e+02,2.550614206453228689e+02,9.975951874244045614e-01,-8.902707938039234250e+02,6.100531802056534758e+01,2.155432156157485402e+00,5.808087433024768416e+02,2.887080383862557937e+02,-6.087203155516358599e-01,-9.601200408303357108e+02,1.064945471743034062e+02,2.256997767955512213e+00,-9.086562033452562446e+02,1.006082369763626083e+00,2.155432156157488066e+00
1.015698035745538732e+03,2.607653527471547932e+02,2.608235899162103522e+00,5.130546390298696906e+02,2.235713868378556981e+02,1.123091173049177272e+00,-8.259279426235842720e+02,1.175479290030867929e+02,3.045045050827222877e+00,5.288952928320834417e+02,2.587349363224349190e+02,1.089554906219868391e+00,-9.313710275326750434e+02,1.692248564242633506e+02,3.045045050827230870e+00,5.460289720346863760e+02,2.943389572655968891e+02,-5.103227316807048553e-01,-1.038356294105006327e+03,2.245556423985081551e+02,3.040628494757980249e+00,-9.554038506388189944e+02,7.473613001093522712e+01,3.045045050827225985e+00
9.788226704469074093e+02,3.197939082277551961e+02,2.720212783134289936e+00,4.833709334831247588e+02,2.265500285932287170e+02,1.230140400947226098e+00,-8.897396138714757399e+02,9.000554788452589605e+01,3.416417099774529120e+00,4.954876525864606833e+02,2.636089022724340794e+02,1.202832791058930928e+00,-1.012796126889269317e+03,1.417472253940714779e+02,3.416417099774524679e+00,5.085821703300429135e+02,3.011592904709730192e+02,-3.933483350149387103e-01,-1.138583291866723130e+03,1.937670096496119925e+02,3.416417099774543775e+00,-1.025697661093044189e+03,3.640875546324988932e+01,3.416417099774530008e+00
9.315213974715093173e+02,3.832332524152235464e+02,2.843972964114227953e+00,4.513315528040034792e+02,2.290059501747697936e+02,1.350371482895909692e+00,-9.653568308493864834e+02,7.660964635898945119e+01,3.726112272018546889e+00,4.590409766395072779e+02,2.676593185110332342e+02,1.327696403523320523e+00,-1.106638830572725283e+03,1.184083608609033007e+02,3.726112272018448746e+00,4.674457785712614850e+02,3.068004486889880695e+02,-2.661908682994873487e-01,-1.250691272337490318e+03,1.582593695582222892e+02,3.726112272019054927e+00,-1.106926467684233103e+03,2.149493743339626839e+00,3.726112272018488714e+00
8.705655964376970815e+02,4.534012529288002042e+02,2.985508218387003421e+00,4.170021311718624588e+02,2.318888241153735805e+02,1.490742883815374231e+00,-1.035562889543705751e+03,9.333385390910403601e+01,4.254569004187855441e+00,4.194004513884057701e+02,2.716651780378687135e+02,1.471667296726709262e+00,-1.203512742882482826e+03,1.230954748855183709e+02,4.254569004187851888e+00,4.222744705343215514e+02,3.119928237960036768e+02,-1.211474586921298113e-01,-1.374047493046798309e+03,1.512272233732823565e+02,4.254569004187836789e+00,-1.187564054903338047e+03,-3.625278359319311416e+00,4.254569004187855441e+00
7.936441514868979539e+02,5.262317893352458213e+02,3.141133532356167546e+00,3.801981877631479847e+02,2.353479588648162064e+02,1.646678707394944707e+00,-1.108536272983785466e+03,9.999973918869375211e+01,4.671732329437607412e+00,3.764648464717465686e+02,2.762033856014427329e+02,1.631230166137617843e+00,-1.304285923414908439e+03,1.341933564496246731e+02,4.680844898400003729e+00,3.730764118003859835e+02,3.165633859271495112e+02,4.083227401437530824e-02,-1.494585109941501742e+03,1.335934592891203465e+02,4.680844898400011722e+00,-1.267945109512191948e+03,-2.675333517302274977e+00,4.680844898400001064e+00
7.068267278485668612e+02,5.959548673098843210e+02,3.304318111918939760e+00,3.431215073933819895e+02,2.384898363456982509e+02,1.804250386690792851e+00,-1.108536272983785466e+03,8.666640585536039509e+01,4.671732329437607412e+00,3.328497599144574792e+02,2.804826131881023912e+02,1.791330620428295051e+00,-1.304285923414908439e+03,1.208600231162913445e+02,4.680844898400003729e+00,3.230781483628433080e+02,3.204864838533400189e+02,1.889889961033217047e-01,-1.488634295405560351e+03,1.039505169345401896e+02,3.400978541762154528e+00,-1.168341830481255329e+03,1.087307268083116618e+00,4.922090220669690375e+00
6.157619381795806248e+02,6.542166140657152482e+02,3.459218645992981234e+00,3.061702982939224285e+02,2.412009387630991455e+02,1.959974797672046742e+00,-1.108536272983785466e+03,7.333307252202703808e+01,4.671732329437607412e+00,2.893735624672939366e+02,2.843335028475343620e+02,1.947358783708294849e+00,-1.294492989985291160e+03,7.720300588376493067e+01,3.096718739321267400e+00,2.743635575727110449e+02,3.217607506617030140e+02,3.327064546324079441e-01,-1.433586578310549612e+03,-2.595596815396750578e+00,4.688228534769467437e+00,-1.072664540516232137e+03,8.235764287719771204e+00,4.688225325450924963e+00
5.263024639519971970e+02,6.988418574173994102e+02,3.598311945201313922e+00,2.692190891944628675e+02,2.434675967360556115e+02,2.115699208653299745e+00,-1.108536272983785466e+03,5.999973918869369527e+01,4.671732329437607412e+00,2.470773335339430616e+02,2.845711456497853078e+02,2.026023832149435933e+00,-1.235461838337497284e+03,-4.516689902940674273e+01,3.535916125468679727e+00,2.283860931510501473e+02,3.196171848277806475e+02,4.603805656250641865e-01,-1.350972420847585681e+03,-1.070872069681994958e+02,3.535916125735217186e+00,-9.821075611236159375e+02,1.334632322662052673e+01,4.207686648403742957e+00
4.434771616132754843e+02,7.305061730279596759e+02,3.717480090577908847e+00,2.322678800950033065e+02,2.452898102645676204e+02,2.271423619634552526e+00,-1.108536272983785466e+03,4.666640585536037378e+01,4.671732329437607412e+00,2.075480431129201691e+02,2.812024867438410070e+02,2.145369537228721146e+00,-1.159035910295169742e+03,-1.304204601162932136e+02,3.600180768234231277e+00,1.848154464384558366e+02,3.138802048083202862e+02,5.787382791971735774e-01,-1.277140478364906585e+03,-2.125617316551071951e+02,3.600182834319366254e+00,-8.921247524919505167e+02,1.093742794047518174e+01,3.600182789653168847e+00
3.688376677888606991e+02,7.524300441170553313e+02,3.818602984709881021e+00,1.967061722661546526e+02,2.436972757930103910e+02,2.325929835765761400e+00,-1.039764657133679520e+03,-1.203213646448493535e+02,-2.649418421192918927e-01,1.711129059801650385e+02,2.751854978398016556e+02,2.256185192803658701e+00,-1.060405014531391998e+03,-1.951843905721555075e+02,3.069912925268837522e+00,1.448695631578039240e+02,3.053197714193966590e+02,6.827610689159755442e-01,-1.153149793055623149e+03,-2.759437980994399027e+02,3.069905994934314819e+00,-8.115509656201612643e+02,1.700891782669364005e+01,3.070388846637816638e+00
3.039435744349268589e+02,7.667863535864692039e+02,3.901594620242733846e+00,1.638669628945497720e+02,2.369725994909201177e+02,2.309046620051160570e+00,-9.329197842110760348e+02,-2.515100561647604138e+02,1.450152915215259908e+00,1.378912987998695030e+02,2.667421347412297337e+02,2.328958298326976539e+00,-9.746274047313800111e+02,-2.866693477348006240e+02,1.509865420603295316e+00,1.094524705312232129e+02,2.948508196820015428e+02,7.555396844538545542e-01,-1.017068818925324081e+03,-3.295921483464468906e+02,1.509060846356020003e+00,-7.334645294103561355e+02,1.575479992863752621e+01,2.497008425570106382e+00
2.480148034199000620e+02,7.759503460196759761e+02,3.969881004869030505e+00,1.344665989054386728e+02,2.263380571405866135e+02,2.330442423856153855e+00,-5.228240363659122067e+02,-6.769888792089584513e+02,-8.146140362720863948e+00,1.078594552755187550e+02,2.558570357661220100e+02,2.336969911689558366e+00,-2.769113160022313309e+02,-4.607723838773529792e+02,-7.691483162240707827e+00,7.946579389750851874e+01,2.837542220963766226e+02,7.766461107757200999e-01,3.480311350145355753e+00,-1.762577890024967360e+02,-7.606514883668022087e+00,7.089668585361280861e+00,5.467358926376169848e+01,5.827932633528031259e-01
2.257178603739127425e+02,7.790911713889531711e+02,4.018221428176651067e+00,1.352178672143995470e+02,2.198053439439880776e+02,2.321968425767621191e+00,1.187794484298124189e+02,-8.013964692700670867e+01,1.451795153223676582e+00,1.087630361945865047e+02,2.496936940179051874e+02,2.325516782725963516e+00,7.459343119572915271e+01,-1.125435719170423994e+02,1.195254253006350575e+00,8.138931021725954906e+01,2.787117721025616675e+02,7.588996598321084974e-01,4.054877210352288586e+01,-1.413239910109361972e+02,1.033856034952638225e+00,3.841122240222372142e+01,-6.800078948225473141e+01,1.451795153223676804e+00
2.096235845495245655e+02,7.818657346868103559e+02,4.058025381042536850e+00,1.417971134605860470e+02,2.191142537130144774e+02,2.369995243017935405e+00,1.871667375636687893e+02,-1.757284861503285356e+01,1.216894193001561986e+00,1.137806273803952308e+02,2.476215552082335023e+02,2.372075910130404974e+00,1.511410264886753225e+02,-5.043430396141746286e+01,1.216894193001560209e+00,8.509144562349403884e+01,2.754405239588538166e+02,8.070386167190701787e-01,1.163442995050917261e+02,-8.447532352055215199e+01,1.216894193001558877e+00,1.236958616136659259e+02,-1.476831558386549936e+01,1.216894193001560209e+00
2.038926628296396188e+02,7.832324878747233470e+02,4.082690964132395628e+00,1.502349917813220372e+02,2.191148770710264841e+02,2.402361667854042260e+00,2.481635185511649979e+02,-8.072225824432006647e+00,7.481072577193638162e-01,1.211920533932533317e+02,2.465864627035905698e+02,2.404529196247562783e+00,2.272127054949739602e+02,-2.944915026097066502e+01,7.481072577193659257e-01,9.163792172884002696e+01,2.735091510180600380e+02,8.398435355937311497e-01,2.068070766188862990e+02,-5.132659690898832139e+01,7.481072577193650375e-01,2.085271124731600878e+02,-6.908966873507442763e+00,7.481072577193649265e-01
2.070676601668136527e+02,7.837827436649411084e+02,4.095510385878418091e+00,1.608289624662727704e+02,2.191924657652668884e+02,2.420647252106892910e+00,3.153248650352588243e+02,-6.767812748798175626e+00,3.876345027077687244e-01,1.311937032921659068e+02,2.460245807227824457e+02,2.422494583204037433e+00,3.046920198688114283e+02,-1.805722014251882257e+01,3.876345027077685579e-01,1.011650725062335852e+02,2.724190300034159691e+02,8.580528272268510559e-01,2.942478291358588649e+02,-2.951536193997792878e+01,3.876345027077676697e-01,2.930550182481661636e+02,-4.967171877539745317e+00,3.876345027077680028e-01
2.178917253482189551e+02,7.838385729258831134e+02,4.098955461672852962e+00,1.737205790732712671e+02,2.192495224524124637e+02,2.428097537475949697e+00,3.857455519156175114e+02,-6.829349945397277466e+00,1.029142900056833621e-01,1.438114618132989051e+02,2.457755051031506071e+02,2.429605119782954237e+00,3.829550761110781991e+02,-9.855980138916462963e+00,1.029142900056822935e-01,1.136024564193597257e+02,2.719461844489711666e+02,8.648075344871524184e-01,3.801921314664085685e+02,-1.290579990643626473e+01,1.029142900056828763e-01,3.774131485512882023e+02,-4.316617656036330963e+00,1.029142900056827098e-01
2.356542482052244623e+02,7.835123493816508926e+02,4.094400290704991896e+00,1.890028437689594227e+02,2.192581966164237315e+02,2.426523377670420700e+00,4.585360763262916635e+02,-7.587958218900849872e+00,-1.397673525100832093e-01,1.590760416279503602e+02,2.457659463199948107e+02,2.427964952943531873e+00,4.621283396217399400e+02,-3.308602782832203104e+00,-1.397673525100819325e-01,1.289160902250742140e+02,2.719727474147459247e+02,8.620237460988535716e-01,4.656890989750975223e+02,9.942884584382655211e-01,-1.397673525100820158e-01,4.615824315226196859e+02,-3.979257163163677280e+00,-1.397673525100824321e-01
2.600243047992885863e+02,7.827780606288208674e+02,4.082469337264297948e+00,2.067215444814911223e+02,2.192145660741433915e+02,2.416881026539353883e+00,5.322438710585752233e+02,-8.392085969144600810e+00,-3.631448039449663434e-01,1.769987729310658437e+02,2.459566175896404729e+02,2.418060859664129758e+00,5.417504411305287704e+02,2.581300877488247103e+00,-3.631448039449660659e-01,1.470968081395748186e+02,2.724459057248857903e+02,8.512258228265965343e-01,5.511232583023572715e+02,1.365660843528748636e+01,-3.631448039449643450e-01,5.456648278180646230e+02,-3.849873059128397390e+00,-3.631448039449650667e-01
2.909894449397436347e+02,7.814941832632415526e+02,4.063153918815475940e+00,2.268799252415047363e+02,2.191321988958065674e+02,2.399622511683437764e+00,6.060156344181948498e+02,-9.066052423228104118e+00,-5.866383123560003909e-01,1.975895113204340987e+02,2.463503841751376342e+02,2.400650173773307916e+00,6.216592452626269960e+02,8.412257750154628511e+00,-5.866383123559977264e-01,1.681537241177560702e+02,2.733570992902040757e+02,8.334053205689659904e-01,6.371479072526158234e+02,2.600405099496355277e+01,-5.866383123559970603e-01,6.296844800552651122e+02,-3.833628865217268089e+00,-5.866383123559983925e-01
3.288175019930120015e+02,7.793933304138615767e+02,4.035870708538767282e+00,2.494671494309452839e+02,2.190127604706224531e+02,2.373893237421615510e+00,6.790887159170958967e+02,-9.445143014507555890e+00,-8.271551830940394590e-01,2.208414701741476733e+02,2.469471009690286110e+02,2.374739144777400668e+00,7.015956571262423722e+02,1.481038661937777334e+01,-8.271551830940336858e-01,1.921112393317277736e+02,2.747076431832895764e+02,8.074292493710265584e-01,7.240863368668403837e+02,3.902946329733204323e+01,-8.271551830940351291e-01,7.136879518568164258e+02,-3.936296705354140002e+00,-8.271551830940357952e-01
3.740376419523467462e+02,7.760246881279920217e+02,3.999465835664925084e+00,2.744336333675636297e+02,2.188835849511897891e+02,2.338974673017242267e+00,7.505470477929200115e+02,-9.080829766629500810e+00,-1.101805773205790651e+00,2.467607428781080614e+02,2.477823487043774549e+02,2.339636742154229232e+00,7.815903566766586437e+02,2.223638258286900893e+01,-1.101805773205796424e+00,2.189991656993151139e+02,2.765430542817671835e+02,7.717818841605902369e-01,8.119733047420775165e+02,5.417838727482385508e+01,-1.101805773205791761e+00,7.977319519033825372e+02,-4.195948879257406006e+00,-1.101805773205792871e+00
4.274375496985549603e+02,7.706597948060035606e+02,3.952150889819511903e+00,3.016738909787542298e+02,2.188146837512233276e+02,2.293177407136552493e+00,8.197979579111876092e+02,-7.633976988258416974e+00,-1.430431014822881153e+00,2.753430630438657545e+02,2.489157181837599069e+02,2.293840603757527408e+00,8.613849317032826320e+02,3.170738539639919296e+01,-1.430431014822882263e+00,2.488953610793381301e+02,2.789436400090182815e+02,7.254507197912347660e-01,9.028190663222491139e+02,7.127095970749647336e+01,-1.430431014822884483e+00,8.817392021217123101e+02,-4.534028534971595192e+00,-1.430431014822883151e+00
4.900291748654312300e+02,7.621356710176132765e+02,3.891430095053637572e+00,3.310617206690416765e+02,2.189057187631089789e+02,2.234140832293069590e+00,8.847248218912075117e+02,-2.522389565028019032e+00,-1.833981636477158839e+00,3.065427955273636371e+02,2.504759419509342138e+02,2.234697134577407152e+00,9.414322736760785801e+02,4.398304182292498155e+01,-1.833981636477158172e+00,2.819142511942167744e+02,2.820064439026402283e+02,6.658299856783786996e-01,9.973784800325757942e+02,9.157801066153794523e+01,-1.833981636477149735e+00,9.657702941441705207e+02,-5.179619653586509109e+00,-1.833981636477156174e+00
5.629349326068912660e+02,7.486327585731914951e+02,3.814028464198153223e+00,3.624553782867393465e+02,2.193142854846000773e+02,2.158914837725577573e+00,9.452800020511655248e+02,7.864215794940638382e+00,-2.335248195051987885e+00,3.403675771587664940e+02,2.526229262916056655e+02,2.159157580700274526e+00,1.021544312287502748e+03,6.175520585907296578e+01,-2.335248195051990994e+00,3.182125800286112280e+02,2.858824074210608615e+02,5.901414649199723250e-01,1.097468596405071366e+03,1.161455552381875691e+02,-2.335248195051991438e+00,1.049719805134579246e+03,-6.181754264851080372e+00,-2.335248195051988329e+00
6.470514836678687516e+02,7.274409141247415391e+02,3.715960623889794867e+00,3.958704461504415235e+02,2.199820876963020737e+02,2.063130018860389825e+00,1.004430106315675630e+03,1.593636678255613859e+01,-2.959313210507621417e+00,3.770160677927236748e+02,2.553116739606076351e+02,2.063345188569296162e+00,1.112921124172606369e+03,8.622071256942589912e+01,-3.364806676257599438e+00,3.581080414445656288e+02,2.905987830485803443e+02,4.940703180931290128e-01,1.226634896504179778e+03,1.593994128023072676e+02,-3.364806676257584783e+00,1.099832992264136692e+03,7.038206178384224643e+01,-3.364806676257591889e+00
7.421290716692165006e+02,6.936604417309052906e+02,3.582613352140699536e+00,4.295490471299778505e+02,2.204312273635535746e+02,1.961175429112708146e+00,1.004430106315675630e+03,2.603033449222807771e+00,-2.959313210507621417e+00,4.144110351777803771e+02,2.581478081619054024e+02,1.948230921747454936e+00,1.112921124172606369e+03,7.288737923609254210e+01,-3.364806676257599438e+00,3.995903772553770068e+02,2.960117590603351232e+02,3.624020711446173659e-01,1.233265835337940871e+03,1.515921789679517246e+02,-4.013831451300093889e+00,1.071533503765414025e+03,6.927515814124787141e+01,-4.106322990773803028e+00
8.296396610949898331e+02,6.493573992960791657e+02,3.446198663539028040e+00,4.630332405819316932e+02,2.203413830792550243e+02,1.862341571700308673e+00,1.004430106315675630e+03,-1.073029988411052393e+01,-2.959313210507621417e+00,4.515470789085313754e+02,2.604135392969786835e+02,1.834582765444903840e+00,1.112921124172606369e+03,5.955404590275919929e+01,-3.364806676257599438e+00,4.408077134916231898e+02,3.009252319208760014e+02,2.272841967031367094e-01,1.233265835337940871e+03,1.382588456346184387e+02,-4.013831451300093889e+00,9.715335037654140251e+02,0.000000000000000000e+00,-4.110200046152639786e+00
9.096698148397970272e+02,5.950630114407930478e+02,3.302541970159148299e+00,4.965142441257876271e+02,2.198059286386735778e+02,1.763697798016720997e+00,1.004430106315675630e+03,-2.406363321744386141e+01,-2.959313210507621417e+00,4.886444497142850310e+02,2.622208963826262220e+02,1.722422542902983356e+00,1.112921124172606369e+03,4.622071256942587780e+01,-3.364806676257599438e+00,4.819165746695546204e+02,3.053560823309188095e+02,9.348981499313355203e-02,1.233265835337940871e+03,1.249255123012851243e+02,-4.013831451300093889e+00,8.715335037654140251e+02,0.000000000000000000e+00,-4.324464917104648087e+00
9.774628954421102662e+02,5.350409716530239166e+02,3.161157217486170623e+00,5.299952476696433905e+02,2.188260297536476457e+02,1.665054024333133320e+00,1.004430106315675630e+03,-3.739696655077719356e+01,-2.959313210507621417e+00,5.257418205200385728e+02,2.635838090238292466e+02,1.610262320361062871e+00,1.112921124172606369e+03,3.288737923609255631e+01,-3.364806676257599438e+00,5.230254358474860510e+02,3.093424882965171037e+02,-4.030456671686956371e-02,1.233265835337940871e+03,1.115921789679517673e+02,-4.013831451300093889e+00,7.715335037654140251e+02,0.000000000000000000e+00,-4.254612657097638362e+00
1.031145185555977605e+03,4.741326372723449936e+02,3.029086438269755988e+00,5.634762512134990402e+02,2.174016864241773135e+02,1.566410250649545643e+00,1.004430106315675630e+03,-5.073029988411051505e+01,-2.959313210507621417e+00,5.628391913257919441e+02,2.645022772205878709e+02,1.498102097819142386e+00,1.112921124172606369e+03,1.955404590275921706e+01,-3.364806676257599438e+00,5.641342970254174816e+02,3.128844498176711113e+02,-1.740989484268726795e-01,1.233265835337940871e+03,9.825884563461841026e+01,-4.013831451300093889e+00,6.715335037654140251e+02,0.000000000000000000e+00,-3.973499414600817126e+00
1.071367820773038147e+03,4.166268473910383250e+02,2.910485465386849935e+00,5.969572547573546899e+02,2.155328986502624957e+02,1.467766476965957967e+00,1.004430106315675630e+03,-6.406363321744383654e+01,-2.959313210507621417e+00,5.999365621315453154e+02,2.649763009729021519e+02,1.385941875277221902e+00,1.112921124172606369e+03,6.220712569425884908e+00,-3.364806676257599438e+00,6.034325243190799029e+02,3.117358557636124488e+02,-2.215269136801214789e-01,1.113365676785165533e+03,-1.889526633473691390e+02,-2.659921252921558565e+00,5.795268476689325325e+02,1.825854504324361471e+01,-3.563710672123003409e+00
1.101646428777117535e+03,3.679300087641916548e+02,2.813615280257300011e+00,6.132811337393849271e+02,2.133600836909094198e+02,1.368428891255480062e+00,3.748042486386761993e+02,-7.471862422591972575e+01,-2.764027057760507056e+00,6.257641143067419307e+02,2.644366985490653974e+02,1.291131248006808674e+00,5.613503061030991148e+02,-3.795550402202722040e+01,-2.796873876749710330e+00,6.348721033493593495e+02,3.043646007656113852e+02,-2.459934480988190397e-01,6.434773632232526097e+02,-2.036107830629100306e+02,-8.149071669697592890e-01,5.895991802894936882e+02,1.965955154364660284e+00,-2.960475256896355045e+00
1.125290633763794858e+03,3.207581580187336385e+02,2.721881312071822823e+00,6.246316465825231035e+02,2.112331044215924010e+02,1.269923712025717855e+00,3.367785489441378104e+02,-6.712935842811791076e+01,-2.763153243737097142e+00,6.421200333471465456e+02,2.617143283992299416e+02,1.207910166194477330e+00,4.814626925205855628e+02,-1.002333802091414157e+02,-2.763153243737134002e+00,6.547053041673457301e+02,2.997108947684909026e+02,-3.252797632738526623e-01,5.881618254613725867e+02,-1.300041058636756190e+02,-2.763153243739479681e+00,5.011477703587556789e+02,-3.927871120661468485e+00,-2.763153243737108689e+00
1.141692734292458681e+03,2.796782189533627161e+02,2.642843848487108183e+00,6.340360644024699468e+02,2.098613598758562659e+02,1.183257646959435139e+00,2.750822508407574674e+02,-4.224147415482661216e+01,-2.380929094152104408e+00,6.555871714429725898e+02,2.589292447785222748e+02,1.133622643261836371e+00,3.942035796206574787e+02,-8.824697789594969777e+01,-2.380929094152092862e+00,6.713056159062737152e+02,2.957955189715978008e+02,-4.074971526129173571e-01,4.836610850708493103e+02,-1.217823206783946830e+02,-2.380929094152110626e+00,4.180448471183440802e+02,-5.673071451450939051e+00,-2.380929094152097747e+00
1.152413861361901127e+03,2.450536881298493199e+02,2.576402903548033585e+00,6.413507211372225356e+02,2.090815866013623179e+02,1.110778729041563162e+00,2.131226400960472915e+02,-2.745685010848496788e+01,-2.000398449316887817e+00,6.661794446886013930e+02,2.566173429158648673e+02,1.070975187599555900e+00,3.095216980910166171e+02,-7.457666950062983346e+01,-2.000398449316883820e+00,6.844358802009040801e+02,2.923154021192240748e+02,-4.765004385117497798e-01,3.822877635909807168e+02,-1.084575664525966516e+02,-2.000398449316879379e+00,3.345791680352923549e+02,-5.451979111163979042e+00,-2.000398449316885152e+00
1.158703304053593001e+03,2.166255790635613323e+02,2.521767202961766596e+00,6.465556741782196468e+02,2.086748344745464010e+02,1.051345323299582191e+00,1.501146740990702426e+02,-1.821096347557893225e+01,-1.643669315207030079e+00,6.739696894340753488e+02,2.547563123016901159e+02,1.019411239460494611e+00,2.266929603287960049e+02,-6.184170896913182247e+01,-1.643669315207031634e+00,6.942333884967084714e+02,2.893501002715190680e+02,-5.330989040657767575e-01,2.845613254502675886e+02,-9.342550763245714052e+01,-1.643669315207035408e+00,2.508167108286197902e+02,-5.134193732302916757e+00,-1.643669315207032300e+00
1.161482526420320028e+03,1.938946866313524140e+02,2.477934171951431175e+00,6.496628007578860888e+02,2.085874722609610501e+02,1.003819911556001809e+00,8.754868919641181435e+01,-9.632336364473413681e+00,-1.317420237158733132e+00,6.790041382993312027e+02,2.532840198432824934e+02,9.780904584841364491e-01,1.448301111926294595e+02,-5.077123846562568588e+01,-1.317420237158732466e+00,7.008150990667470523e+02,2.869014211891512787e+02,-5.781032844194274878e-01,1.898071655774383828e+02,-7.843786085136943598e+01,-1.317420237158735796e+00,1.667622437560634125e+02,-4.975782959713270337e+00,-1.317420237158730689e+00
1.161389168940242598e+03,1.763187433096500740e+02,2.443927280227194743e+00,6.507157067217680151e+02,2.088504691596633620e+02,9.670153737870244015e-01,2.569056688980945324e+01,-6.861631549852393874e-01,-1.020492996518894691e+00,6.813048375043636042e+02,2.521414924686378072e+02,9.462826997029220033e-01,6.338126054113649133e+01,-4.124379064970175079e+01,-1.020492996518891582e+00,7.042736054623328528e+02,2.849497011473133625e+02,-6.128593922908293079e-01,9.729649124574632424e+01,-6.405733703162809434e+01,-1.020492996518895357e+00,8.248342024204926304e+01,-4.856942989676901412e+00,-1.020492996518893136e+00
1.158846708996264397e+03,1.634134464598727163e+02,2.418911709503532848e+00,6.497342670248921195e+02,2.094707725344914024e+02,9.398988216930355133e-01,-3.486444471024682912e+01,9.988140071921431939e+00,-7.491688392681447040e-01,6.808851447998140429e+02,2.512853455606892510e+02,9.232324900704035331e-01,-1.777154458948017890e+01,-3.278778833994403641e+01,-7.491688392681453701e-01,7.046800697696178304e+02,2.834710748026550959e+02,-6.384076419234443467e-01,6.593343787656353427e+00,-5.026957495496058925e+01,-7.491688392681432607e-01,-2.022515478699877356e+00,-4.861204507555449084e+00,-7.491688392681463693e-01
1.154123052692981901e+03,1.547984617139453292e+02,2.402245847299040449e+00,6.467490435609300903e+02,2.104917380822523398e+02,9.216574313283888431e-01,-9.474986652842565604e+01,2.200597075432024141e+01,-4.971475239422737946e-01,6.777520969232275547e+02,2.506854500189376154e+02,9.082490308788352396e-01,-9.882576266978959723e+01,-2.514040690227874819e+01,-4.971475239422770698e-01,7.020831554560515997e+02,2.824399452119919260e+02,-6.553331748538643309e-01,-8.292141343288223254e+01,-3.708130853621352685e+01,-4.971475239422746828e-01,-8.665888900409807150e+01,-4.856898569254089360e+00,-4.971475239422754044e-01
1.147377807518784039e+03,1.502167028612207957e+02,2.393504332077843522e+00,6.417676424794491368e+02,2.119465672919019710e+02,9.117248156741160070e-01,-1.546941597245950106e+02,3.510203108196793664e+01,-2.579290037898834820e-01,6.719114608330869487e+02,2.503216623288329004e+02,9.008758370299239093e-01,-1.797424053155469039e+02,-1.794059067298783106e+01,-2.579290037898833154e-01,6.965190181874301061e+02,2.818431042001328706e+02,-6.640461510396284961e-01,-1.714974027230903175e+02,-2.413900587091995931e+01,-2.579290037898844812e-01,-1.713630939952891197e+02,-4.882545281482140176e+00,-2.579290037898845367e-01
1.138696694045520417e+03,1.495602147554818373e+02,2.392516393260484264e+00,6.347716414704071894e+02,2.138614060367827676e+02,9.098108510131923676e-01,-2.155051465320970578e+02,4.908406079018216417e+01,-2.385133311406249443e-02,6.633638100729414191e+02,2.501803146119150938e+02,9.010351292213109042e-01,-2.607116683893270306e+02,-1.115649943887131634e+01,-2.385133311406145012e-02,6.879995082368247949e+02,2.816597273103519115e+02,-6.650171080192173179e-01,-2.599365229528044097e+02,-1.171265572358172236e+01,-2.385133311406359424e-02,-2.560151359878896642e+02,-4.879498072644594231e+00,-2.385133311406199483e-02
1.128103046996251351e+03,1.528671258312932082e+02,2.399365562591397882e+00,6.257137316346860416e+02,2.162568209992023753e+02,9.158990301362575082e-01,-2.780653316753279114e+02,6.378149680948290978e+01,2.126612800410237203e-01,6.521154301885720770e+02,2.502606036632820690e+02,9.087960529905509954e-01,-3.415165055270293237e+02,-4.317455854000357363e+00,2.126612800410232484e-01,6.765326351557023372e+02,2.818912664664572958e+02,-6.582294868202323013e-01,-3.481844575934890713e+02,9.520579580093194716e-01,2.126612800410244419e-01,-3.405742721931150072e+02,-4.946746219050855764e+00,2.126612800410232484e-01
1.115560752311460874e+03,1.603491726698622983e+02,2.414435089150790859e+00,6.145146304321938260e+02,2.191475152071491550e+02,9.302838546279551535e-01,-3.891158538337548407e+02,2.219712501538645810e+01,7.942984131778240142e-01,6.381750835183992194e+02,2.505737363563647762e+02,9.244994827130280646e-01,-4.144532407875080366e+02,4.126982109335460081e+01,7.951015557259251132e-01,6.621178755818497166e+02,2.825608955213656941e+02,-6.432412223200814072e-01,-4.324628645078323643e+02,3.499207426675032906e+01,-2.646095036648685728e-01,-4.226898945708991278e+02,-5.202861430799964992e+00,4.623904114433260992e-01
1.101153661963518744e+03,1.729519264558775546e+02,2.439183860758981304e+00,5.988569066450847913e+02,2.194204893459046559e+02,9.562225210659244246e-01,-4.744861577291564458e+02,-6.688969438768127551e-02,7.537571319183821172e-01,6.217277190026067046e+02,2.515640802523433877e+02,9.513564687308850853e-01,-4.983692204364203917e+02,1.766450138984279050e+01,7.537571319183817842e-01,6.448504585124915138e+02,2.840243130395247135e+02,-6.236328583916445067e-01,-5.225201768872160528e+02,3.554412846053944008e+01,7.537571319183806740e-01,-5.054003215093198378e+02,3.544853479664621942e-01,7.537571319183814511e-01
1.084385999381906913e+03,1.903362927882984934e+02,2.473341573965270435e+00,5.807334670227838842e+02,2.195085007307085903e+02,9.893830812571522415e-01,-5.457028326533694553e+02,-1.182708694020215390e+00,1.033175097570359968e+00,6.025530199273000562e+02,2.524931608903347637e+02,9.853213692922691003e-01,-5.792459730712829469e+02,2.218281143794432353e+01,1.033175097570365741e+00,6.245709392959530533e+02,2.857476205589841243e+02,-5.892609643024588895e-01,-6.129301882450205312e+02,4.596452454262984588e+01,1.033175097570360634e+00,-5.892334255815264896e+02,-3.588192475370625800e+00,1.033175097570363743e+00
1.064854985687279395e+03,2.136374645781842787e+02,2.518851114176081651e+00,5.603203839613879609e+02,2.196968381145767637e+02,1.033752913420441288e+00,-6.143597129536159400e+02,2.406733275383057258e+00,1.373967762780151647e+00,5.806868632894252187e+02,2.537138590559869726e+02,1.030409557050346647e+00,-6.600204856048560487e+02,3.221990115492707929e+01,1.373967762780157642e+00,6.012009922856087769e+02,2.879637366261765692e+02,-5.437814922119716954e-01,-7.061574358270810308e+02,6.197054399897935895e+01,1.373967762780148982e+00,-6.730561828871343550e+02,-4.642170076182365435e+00,1.373967762780151203e+00
1.041806478530894765e+03,2.439580674996937546e+02,2.577721850458238873e+00,5.377024278216044877e+02,2.201030174172403804e+02,1.091335924667156565e+00,-6.797870632107022857e+02,8.396752778670212081e+00,1.769767562886592316e+00,5.561076684635844458e+02,2.553323060541956693e+02,1.088571432871063616e+00,-7.453200210347665688e+02,4.776772238373587953e+01,2.020212593421626401e+00,5.746138359285235993e+02,2.907603764773122634e+02,-4.854210804749847785e-01,-8.146808830411123381e+02,8.947310024203640921e+01,2.020212593421625957e+00,-7.378635957818793258e+02,3.883705248128985232e+01,2.020212593421625069e+00
1.014876645294571063e+03,2.875018938297043860e+02,2.659401304651978659e+00,5.137051624176521045e+02,2.211280611173910700e+02,1.171536880724481033e+00,-7.152600752189830473e+02,2.453296443790686610e+01,2.516669861402353270e+00,5.293566235648327165e+02,2.581370864966833096e+02,1.170693009915770189e+00,-8.015043038581732162e+02,8.097902398194500506e+01,2.522012442372786989e+00,5.450579607548256718e+02,2.953288366727371681e+02,-4.026701634283313957e-01,-8.884557977267123761e+02,1.371617986099055031e+02,2.522012442372792318e+00,-8.064931332520818614e+02,4.171837396325791048e+01,2.522012442372790098e+00
9.812387039853001625e+02,3.349077863230035064e+02,2.750691505420145955e+00,4.881185334940589087e+02,2.227657821511998861e+02,1.263412029998310038e+00,-7.698609923880874248e+02,4.536758362335353922e+01,2.771818863299174485e+00,5.003722623734403783e+02,2.612709234125015314e+02,1.262816426587161756e+00,-8.742115749295090836e+02,8.701580643772820167e+01,2.771818863299188695e+00,5.127119242202568330e+02,3.001149898379185288e+02,-3.101100656395291422e-01,-9.782590827304080676e+02,1.329154996856030380e+02,2.771818863299167379e+00,-8.871516448168140414e+02,7.993468699684354917e+00,2.771818863299181146e+00
9.712176635347552747e+02,3.890412197618270511e+02,2.856855196290546406e+00,4.623886116133593305e+02,2.241212755755276191e+02,1.356085582370933906e+00,-7.698609923880874248e+02,3.203425029002021773e+01,2.771818863299174485e+00,4.711520487835475137e+02,2.640183872393386082e+02,1.355514559977625932e+00,-8.742115749295090836e+02,7.368247310439484465e+01,2.771818863299188695e+00,4.800092984469928865e+02,3.043864492514700260e+02,-2.173240166816345909e-01,-9.782590827304080676e+02,1.195821663522696952e+02,2.771818863299167379e+00,0.000000000000000000e+00,0.000000000000000000e+00,3.185352307624938817e+00
9.613627371306778286e+02,4.244042801421323929e+02,2.927619630496707259e+00,4.367265785337565376e+02,2.250113061407504915e+02,1.448479544480906211e+00,-7.698609923880874248e+02,1.870091695668687848e+01,2.771818863299174485e+00,4.420116629525637677e+02,2.662966918983739788e+02,1.447908522087599348e+00,-8.742115749295090836e+02,6.034913977106150185e+01,2.771818863299188695e+00,4.474006623559792502e+02,3.081947436854346734e+02,-1.249300545716622995e-01,-3.819292131339515208e+02,-2.513531699467624208e+02,-1.274503545882302369e+01,-3.975532463976378494e+01,2.384013353104658250e+01,2.293855545773741511e+00
9.520884210723298793e+02,4.464904156250810843e+02,2.970893993887472107e+00,4.187463650603770020e+02,2.199374653027372517e+02,1.275119409008357962e+00,-5.321642459463247832e+01,-3.474808490008553576e+02,-5.824213298216591284e+00,4.296714247080573728e+02,2.612201813789930611e+02,1.226060436788808605e+00,-1.211900607469621747e+02,-2.287612691147134569e+02,-1.574585554005962340e+00,4.405508169792366857e+02,2.995210908827506842e+02,-3.488293605125190600e-01,-7.635755500291141118e+01,-2.344391340578874008e+02,-1.123292151967113517e+00,-1.183491826738027726e+02,3.989187593029610213e+01,1.060240225278302528e+00
9.452992851583464926e+02,4.632939683628143257e+02,3.005572959113584908e+00,4.192094371590284823e+02,2.081007673844074475e+02,1.155022256799958402e+00,2.696084709674298452e+01,-3.622528187353268549e+02,-3.292419575261961384e+00,4.278571508546785935e+02,2.530011586462931064e+02,1.244714463656841463e+00,-4.228333068305084907e+01,-2.545640985876645175e+02,8.002592482219959003e-01,4.383395162247672374e+02,2.918184314714180800e+02,-3.497052237615073111e-01,-6.717229291919797163e+01,-2.368089154192298338e+02,5.311731897806803299e-02,-1.121795092260001248e+01,1.963053712509943427e-01,1.033457281674120098e+00
9.402375570884489662e+02,4.752314496417156988e+02,3.030513646585148102e+00,4.202504197523875860e+02,1.958164429234162753e+02,1.050967001996234274e+00,2.696084709674298452e+01,-3.755861520686602830e+02,-3.292419575261961384e+00,4.267524239036995368e+02,2.442565957193292832e+02,1.284252472388526245e+00,-3.551837537681083035e+01,-2.677388050502533474e+02,1.008074243433169315e+00,4.364194330103624111e+02,2.837694186062257700e+02,-3.359292018564860038e-01,-5.504922097717483354e+01,-2.499105911242363334e+02,3.828334212015753191e-01,-1.259201816550876263e+00,-2.601896660474989353e-02,7.527863071970762876e-01
9.366780282741519841e+02,4.831865954003449701e+02,3.047285380079168160e+00,4.211946813354472852e+02,1.831099295067335220e+02,9.426022792178384568e-01,2.696084709674298452e+01,-3.889194854019937111e+02,-3.292419575261961384e+00,4.257289973042969677e+02,2.351080053455321206e+02,1.326067755121749681e+00,-3.551837537681083035e+01,-2.810721383835867755e+02,1.008074243433169315e+00,4.347292345412870418e+02,2.752632172695091981e+02,-3.169965655982410202e-01,-5.026966921732377358e+01,-2.630362851608225583e+02,5.108628204106249182e-01,-3.186367839900702825e-01,-1.384261978313929692e-02,5.062441254220588771e-01
9.342170962822423235e+02,4.884943077581596640e+02,3.058547591169249458e+00,4.220933762386721355e+02,1.699681688822226135e+02,8.328549600424395294e-01,2.696084709674298452e+01,-4.022528187353271392e+02,-3.292419575261961384e+00,4.246441756395055904e+02,2.255430106443299962e+02,1.365229765298161535e+00,-3.551837537681083035e+01,-2.944054717169202036e+02,1.008074243433169315e+00,4.331313576187289982e+02,2.663056865703607627e+02,-2.963383801256826433e-01,-4.872402331731514380e+01,-2.762771928654886437e+02,5.535781645429608266e-01,-1.030430600005768638e-01,-6.161708577834180793e-03,3.394170420135879662e-01
9.325355169297693010e+02,4.920369218789340380e+02,3.066098171776937775e+00,4.229920711418969859e+02,1.563819638132672765e+02,7.231076408670406019e-01,2.696084709674298452e+01,-4.155861520686605672e+02,-3.292419575261961384e+00,4.234983505157227910e+02,2.155451072446099090e+02,1.401047464947554833e+00,-3.130038159814370147e+01,-3.074456452035407779e+02,6.859849024759711034e-01,4.315620971936120327e+02,2.569092014977432541e+02,-2.751281100809760405e-01,-4.872402331731514380e+01,-2.896105261988220718e+02,5.535781645429608266e-01,-2.811995852444756916e-01,-1.954398978085138475e-02,2.264155805611244021e-01
9.313943156095017457e+02,4.944051794886602238e+02,3.071161535464852488e+00,4.238907660451218362e+02,1.423513142998674539e+02,6.133603216916416745e-01,2.696084709674298452e+01,-4.289194854019939953e+02,-3.292419575261961384e+00,4.224557048766567959e+02,2.051190238335908589e+02,1.423955450945362688e+00,-3.130038159814370147e+01,-3.207789785368742059e+02,6.859849024759711034e-01,4.299784579740623371e+02,2.470710257067116800e+02,-2.545933071263838943e-01,-4.872402331731514380e+01,-3.029438595321554999e+02,5.535781645429608266e-01,0.000000000000000000e+00,0.000000000000000000e+00,1.522390916397237393e-01
9.306253980315937042e+02,4.959843206986905670e+02,3.074544771415021138e+00,4.247894609483466866e+02,1.278762203420232311e+02,5.036130025162427470e-01,2.696084709674298452e+01,-4.422528187353274234e+02,-3.292419575261961384e+00,4.214123588233852615e+02,1.942486134379172995e+02,1.446821614361228248e+00,-3.130038159814370147e+01,-3.341123118702076340e+02,6.859849024759711034e-01,4.283775719664529333e+02,2.367913683602597246e+02,-2.349159489028965209e-01,-4.872402331731514380e+01,-3.162771928654889280e+02,5.535781645429608266e-01,0.000000000000000000e+00,0.000000000000000000e+00,1.017399129647161699e-01
9.301085570713041761e+02,4.970395794935949425e+02,3.076808984921317158e+00,4.271310681824232915e+02,1.218082859559307138e+02,3.735286513244353013e-01,9.910646363933199154e+01,-2.642237322437588531e+01,-4.032165665309389802e+00,4.203690127701137271e+02,1.829337585977992546e+02,1.469687777777093807e+00,-3.130038159814370147e+01,-3.474456452035410621e+02,6.859849024759711034e-01,4.267579708457424772e+02,2.260702978627060986e+02,-2.162197328790765871e-01,-4.872402331731514380e+01,-3.296105261988223560e+02,5.535781645429608266e-01,0.000000000000000000e+00,0.000000000000000000e+00,6.798302447092752221e-02
9.297623270303952268e+02,4.977435065557445455e+02,3.078320832792202477e+00,4.304346169704010663e+02,1.210772449886778475e+02,2.288806114772048150e-01,9.910646363933199154e+01,-3.975570655770921746e+01,-4.032165665309389802e+00,4.193256667168421927e+02,1.711744593132367811e+02,1.492553941192959366e+00,-3.130038159814370147e+01,-3.607789785368744901e+02,6.859849024759711034e-01,4.251338367351653460e+02,2.149055025449676180e+02,-1.977671273943112928e-01,-4.872402331731514380e+01,-3.429438595321557841e+02,5.535781645429608266e-01,0.000000000000000000e+00,0.000000000000000000e+00,4.535543612653301915e-02
9.295309159349843640e+02,4.982125001123195034e+02,3.079328731372791950e+00,4.337381657583788410e+02,1.197859563773254479e+02,8.508206748890853599e-02,1.144100128250541104e+02,-7.147887009594137453e+01,-5.396139193128482781e+00,4.182823206635706583e+02,1.589707155842298505e+02,1.515420104608824925e+00,-9.315718691189463385e+00,-2.164201688020993402e+02,1.111803656599636803e+01,4.235097026245882148e+02,2.032962627827846234e+02,-1.793145219095459986e-01,-4.872402331731514380e+01,-3.562771928654892122e+02,5.535781645429608266e-01,0.000000000000000000e+00,0.000000000000000000e+00,3.023695741767980227e-02
9.293974844908933619e+02,4.983806292613953133e+02,3.079696243235627851e+00,4.352579091471135371e+02,1.189901205973717424e+02,9.202997421454547564e-03,-6.314766526787969347e-01,3.214336768764383123e-01,1.534921183683496740e-02,4.187248438742848862e+02,1.581149135603664320e+02,1.621868956922383642e+00,2.596795538704644457e+01,2.291199074798166535e+01,-1.390321965158709316e+00,4.220366356324517483e+02,1.976150319833970457e+02,-5.588586059980810150e-02,1.568586030147215382e+01,-1.746418176418800172e+01,1.981245964443465901e+00,-6.571317456326065454e+00,-5.476085897517735113e-01,-1.857205768609617585e-02
9.292697817264297555e+02,4.985861366732261217e+02,3.080134000721592269e+00,4.352797169647444662e+02,1.191652123904524103e+02,7.685530648232226023e-03,-3.721646459568675111e-03,-4.112686845330074115e-03,3.475387699670744656e-04,4.194904547641851877e+02,1.586998502477179045e+02,1.596863613266859216e+00,2.009604643747596242e+01,5.089478440828109074e-01,1.758504612949899097e-03,4.229549840174265114e+02,1.978851761568209042e+02,-2.111055482002393083e-02,1.990274637249178724e+01,6.115350784036248655e-01,8.033999583905796979e-03,-3.517832791798016778e-01,-2.929531827795861867e-02,1.677806596568316710e-02
9.291541818107168638e+02,4.988055143906037756e+02,3.080603346377986718e+00,4.352939973765048194e+02,1.193045060589543169e+02,6.429712980958985670e-03,-5.551047225139945492e-06,3.022115919636596166e-06,2.579131087018873495e-07,4.200512568449252058e+02,1.589254165900360931e+02,1.592556620123060762e+00,1.377581747089275410e+01,9.905131852819780702e-01,-4.603528533864956890e-02,4.236849294164025537e+02,1.982486336138021557e+02,-1.635311758997598508e-02,1.564037275881324796e+01,8.223478028260181594e-01,-4.603529563867123087e-02,0.000000000000000000e+00,0.000000000000000000e+00,1.580979897366358716e-02
9.290659802598133865e+02,4.989833858251078027e+02,3.080985976646933633e+00,4.353026820976121485e+02,1.194173139282560641e+02,5.398992766420120104e-03,-8.920920012961336407e-06,4.777769583636117200e-06,4.138656565178880186e-07,4.204187927569836347e+02,1.591221707443409343e+02,1.587897227993376736e+00,7.883070758759399332e+00,1.343588385019365061e+00,-8.057196491093045199e-02,4.241503366804073494e+02,1.985537838106923516e+02,-1.374754733210367327e-02,1.113862090091983426e+01,1.041851463524217314e+00,-8.057198153918071482e-02,0.000000000000000000e+00,0.000000000000000000e+00,1.147890806842077893e-02
9.290071414181156797e+02,4.991019480266047594e+02,3.081241063492897503e+00,4.353078684291328955e+02,1.195087967469006287e+02,4.509889024654445584e-03,-3.397196186692313415e-03,1.075806180243926019e-03,1.399748365824592165e-04,4.205957769024183222e+02,1.592946798950678442e+02,1.582983107506565235e+00,2.195962088340241536e+00,1.697109256344325301e+00,-1.111787338695101740e-01,4.244649140897136022e+02,1.988092634144617534e+02,-1.278402344194839134e-02,6.679537009435120964e+00,1.265679920370375688e+00,-1.111844654580618069e-01,0.000000000000000000e+00,0.000000000000000000e+00,7.652605378947204169e-03
9.289678987224450566e+02,4.991809811542619286e+02,3.081411121390208230e+00,4.353104640991204519e+02,1.195830139222626372e+02,3.754404019295550649e-03,4.219461602012603268e-06,-2.519826538323081574e-06,-2.219744573530077998e-07,4.206444509096430124e+02,1.594268929691496055e+02,1.579367851728332939e+00,7.468195969230827513e-01,5.701674184216632968e-01,-3.758343903393031316e-02,4.246321517168943274e+02,1.990094982461474444e+02,-1.164369409176943190e-02,2.356785957198630932e+00,4.188718535785259101e-01,-3.758342671781721850e-02,0.000000000000000000e+00,0.000000000000000000e+00,5.101736919304136232e-03
9.289417294587947254e+02,4.992336661980226609e+02,3.081524493321748714e+00,4.353114210258920025e+02,1.196431135916914741e+02,3.150850927604754038e-03,-1.047054788630099181e-01,-1.570899415964825685e-03,5.960217464766093959e-03,4.206478710772623231e+02,1.595030108928473851e+02,1.578523081524273897e+00,-4.482698435345968679e-01,-8.940755107997994111e-02,1.539633282052109593e-02,4.246566288597927610e+02,1.991489205750209521e+02,-8.638273830583508353e-03,-1.066400469411044494e+00,-2.572141015758402927e-02,1.553673833247203387e-02,0.000000000000000000e+00,0.000000000000000000e+00,3.401157946205620938e-03
9.289242799647643096e+02,4.992687879121277206e+02,3.081600074609441631e+00,4.353113762719769397e+02,1.196919393681671551e+02,2.675466236527286514e-03,-4.088267757008479613e-05,-1.038499644367086577e-06,1.488283502341760729e-06,4.206352641235252463e+02,1.595587409178558573e+02,1.578562590450945491e+00,-1.244056533933275699e-01,2.322255894166240248e-03,6.215421749860083368e-03,4.246292200904223932e+02,1.992589758787839003e+02,-5.480719051430439984e-03,-3.720816671902890116e-01,2.710331554565489215e-02,6.220622708016924907e-03,0.000000000000000000e+00,0.000000000000000000e+00,2.267438630800792769e-03
9.289126454940189888e+02,4.992922016554567222e+02,3.081650462134569501e+00,4.353125968954846599e+02,1.197313972651758576e+02,2.203394901311091312e-03,2.048091961014555928e-02,3.093760731071142078e-04,-1.167889006648731125e-03,4.206332201020352386e+02,1.596050000159509068e+02,1.578264997507653922e+00,8.386418884069615776e-02,1.445244441433411568e-02,-2.823231406881641058e-03,4.246273297769230908e+02,1.993479640712195362e+02,-3.256085959486926685e-03,1.975312027685824368e-01,2.784386122873010183e-03,-2.849782560185859862e-03,0.000000000000000000e+00,0.000000000000000000e+00,1.511625753867117117e-03
9.289048885247724456e+02,4.993078104919788984e+02,3.081684053817988822e+00,4.353137405012283239e+02,1.197633741594392376e+02,1.805532982985824349e-03,-7.072602947334049629e-03,-1.071014792470388263e-04,4.034162299173531425e-04,4.206336343169989505e+02,1.596426714068403783e+02,1.577937937230201149e+00,-2.898470501602039284e-02,-4.994161617818339456e-03,9.764855723056950487e-04,4.246308161886846051e+02,1.994199393547738168e+02,-1.541381433281693815e-03,-6.832896206890005930e-02,-9.549641128489025181e-04,9.855479409400147352e-04,0.000000000000000000e+00,0.000000000000000000e+00,1.007750502592850766e-03
9.288997169206506896e+02,4.993182162382287288e+02,3.081706448273600962e+00,4.353141416610762349e+02,1.197892793443444077e+02,1.504972164458966448e-03,1.028981274660172366e-04,1.686918639704558889e-06,-5.811258345227222243e-06,4.206320242301227950e+02,1.596729474728921616e+02,1.577735923041477806e+00,4.183910692159358252e-04,7.264259126650864074e-05,-1.399013473595511478e-05,4.246286867431821292e+02,1.994782842069033109e+02,-8.974535313104362814e-05,9.823356089141183252e-04,1.481122201746268698e-05,-1.411662828097932569e-05,0.000000000000000000e+00,0.000000000000000000e+00,6.718336683953484443e-04
9.288962690551081778e+02,4.993251533380526439e+02,3.081721377910676463e+00,4.353147271074907962e+02,1.198102763377153792e+02,1.239206421510280747e-03,1.870231668052804242e-03,2.864047492634740500e-05,-1.066201369115466402e-04,4.206319183241971018e+02,1.596977741160826270e+02,1.577528219858073788e+00,7.667808391173615984e-03,1.322124026838482434e-03,-2.584147654128077297e-04,4.246295461183987641e+02,1.995256756877876398e+02,1.040969318665538063e-03,1.809115245453004478e-02,2.529181178757799716e-04,-2.607624881786768396e-04,0.000000000000000000e+00,0.000000000000000000e+00,4.478891122695047625e-04
9.288939704205417911e+02,4.993297780426711938e+02,3.081731331002060870e+00,4.353151050453045627e+02,1.198272900160650920e+02,1.024908349646535405e-03,-1.594667003735129526e-03,-2.431870628788533432e-05,9.098779422777824558e-05,4.206315309315590412e+02,1.597178894338321697e+02,1.577368197918791015e+00,-6.544824455739139436e-03,-1.127874515818359661e-03,2.207795544524477347e-04,4.246293710688842111e+02,1.995641079196727503e+02,1.964642753076489574e-03,-1.545376199936705774e-02,-2.142163020778524885e-04,2.227726974348867941e-04,0.000000000000000000e+00,0.000000000000000000e+00,2.985927415189424164e-04
9.288924379719253466e+02,4.993328611663731635e+02,3.081737966396317141e+00,4.353153994464034895e+02,1.198410773156997777e+02,8.474932360053724157e-04,7.808442668196891121e-04,1.203568039460564936e-05,-4.450490462882889035e-05,4.206312271763635522e+02,1.597342466907136043e+02,1.577235482786199405e+00,3.202687067039764433e-03,5.524043653931981664e-04,-1.079703992191147140e-04,4.246291486108418098e+02,1.995952906643834979e+02,2.709276771333443343e-03,7.560844493743393117e-03,1.055778784349178055e-04,-1.089375103415305139e-04,0.000000000000000000e+00,0.000000000000000000e+00,1.990618276792407884e-04
9.288914163281488072e+02,5.026682499098590711e+02,3.081742389992488729e+00,4.353156622732823848e+02,1.198522505077392850e+02,6.991508973591229349e-04,-2.100055729400940015e-04,-3.171752234395257774e-06,1.200268683891761555e-05,4.206311205587127233e+02,1.597475657882098119e+02,1.577121222153360369e+00,-8.635564370936049325e-04,-1.486453434746611046e-04,2.918204116515224275e-05,4.246292289939083844e+02,1.996205901931918163e+02,3.305272888850974318e-03,-2.041824024497100338e-03,-2.784411272088142282e-05,2.944318617294140156e-05,0.000000000000000000e+00,1.000000000000000000e+02,1.327078851165272469e-04
9.288169534533171827e+02,5.094846645035933648e+02,3.082064699465370872e+00,4.353157038903863167e+02,1.198542167362503506e+02,6.729724849422915982e-04,-2.100055729400940015e-04,-3.171752234395257774e-06,1.200268683891761555e-05,4.206310865081940165e+02,1.597499113653199458e+02,1.577101405624144803e+00,-8.635564370936049325e-04,-1.486453434746611046e-04,2.918204116515224275e-05,4.246292006580829366e+02,1.996250445903403090e+02,3.410380769299367447e-03,-2.041824024497100338e-03,-2.784411272088142282e-05,2.944318617294140156e-05,0.000000000000000000e+00,2.000000000000000000e+02,9.669284186442013082e-03
9.286263893253401420e+02,5.198673465935870581e+02,3.082888598989435902e+00,4.353157038903863167e+02,1.198542167362503506e+02,6.729724849422915982e-04,-2.100055729400940015e-04,-3.171752234395257774e-06,1.200268683891761555e-05,4.206310865081940165e+02,1.597499113653199458e+02,1.577101405624144803e+00,-8.635564370936049325e-04,-1.486453434746611046e-04,2.918204116515224275e-05,4.246292006580829366e+02,1.996250445903403090e+02,3.410380769299367447e-03,-2.041824024497100338e-03,-2.784411272088142282e-05,2.944318617294140156e-05,0.000000000000000000e+00,3.000000000000000000e+02,2.471698572191980900e-02
9.283029765835331091e+02,5.338483405806460951e+02,3.084283758739102321e+00,4.353157038903863167e+02,1.198542167362503506e+02,6.729724849422915982e-04,-2.100055729400940015e-04,-3.171752234395257774e-06,1.200268683891761555e-05,4.206310865081940165e+02,1.597499113653199458e+02,1.577101405624144803e+00,-8.635564370936049325e-04,-1.486453434746611046e-04,2.918204116515224275e-05,4.246292006580829366e+02,1.996250445903403090e+02,3.410380769299367447e-03,-2.041824024497100338e-03,-2.784411272088142282e-05,2.944318617294140156e-05,0.000000000000000000e+00,4.000000000000000000e+02,4.185479248999255525e-02
9.278499997447185024e+02,5.514183500581825683e+02,3.086231325136162607e+00,4.353157038903863167e+02,1.198542167362503506e+02,6.729724849422915982e-04,-2.100055729400940015e-04,-3.171752234395257774e-06,1.200268683891761555e-05,4.206310865081940165e+02,1.597499113653199458e+02,1.577101405624144803e+00,-8.635564370936049325e-04,-1.486453434746611046e-04,2.918204116515224275e-05,4.246292006580829366e+02,1.996250445903403090e+02,3.410380769299367447e-03,-2.041824024497100338e-03,-2.784411272088142282e-05,2.944318617294140156e-05,0.000000000000000000e+00,5.000000000000000000e+02,5.842699191182632035e-02
9.272845553081267553e+02,5.725398600380369771e+02,3.088651907103870720e+00,4.353157038903863167e+02,1.198542167362503506e+02,6.729724849422915982e-04,-2.100055729400940015e-04,-3.171752234395257774e-06,1.200268683891761555e-05,4.206310865081940165e+02,1.597499113653199458e+02,1.577101405624144803e+00,-8.635564370936049325e-04,-1.486453434746611046e-04,2.918204116515224275e-05,4.246292006580829366e+02,1.996250445903403090e+02,3.410380769299367447e-03,-2.041824024497100338e-03,-2.784411272088142282e-05,2.944318617294140156e-05,0.000000000000000000e+00,6.000000000000000000e+02,7.261745903124786072e-02
9.266316173828336105e+02,5.971599038282009815e+02,3.091432701080004453e+00,4.353157038903863167e+02,1.198542167362503506e+02,6.729724849422915982e-04,-2.100055729400940015e-04,-3.171752234395257774e-06,1.200268683891761555e-05,4.206310865081940165e+02,1.597499113653199458e+02,1.577101405624144803e+00,-8.635564370936049325e-04,-1.486453434746611046e-04,2.918204116515224275e-05,4.246292006580829366e+02,1.996250445903403090e+02,3.410380769299367447e-03,-2.041824024497100338e-03,-2.784411272088142282e-05,2.944318617294140156e-05,0.000000000000000000e+00,7.000000000000000000e+02,8.342381928404317415e-02
9.259190252802750365e+02,6.252208066017783494e+02,3.094450328130860850e+00,4.353157038903863167e+02,1.198542167362503506e+02,6.729724849422915982e-04,-2.100055729400940015e-04,-3.171752234395257774e-06,1.200268683891761555e-05,4.206310865081940165e+02,1.597499113653199458e+02,1.577101405624144803e+00,-8.635564370936049325e-04,-1.486453434746611046e-04,2.918204116515224275e-05,4.246292006580829366e+02,1.996250445903403090e+02,3.410380769299367447e-03,-2.041824024497100338e-03,-2.784411272088142282e-05,2.944318617294140156e-05,0.000000000000000000e+00,8.000000000000000000e+02,9.052881152571853884e-02
9.251737689477924960e+02,6.566679457965726669e+02,3.097587405473179789e+00,4.353157038903863167e+02,1.198542167362503506e+02,6.729724849422915982e-04,-2.100055729400940015e-04,-3.171752234395257774e-06,1.200268683891761555e-05,4.206310865081940165e+02,1.597499113653199458e+02,1.577101405624144803e+00,-8.635564370936049325e-04,-1.486453434746611046e-04,2.918204116515224275e-05,4.246292006580829366e+02,1.996250445903403090e+02,3.410380769299367447e-03,-2.041824024497100338e-03,-2.784411272088142282e-05,2.944318617294140156e-05,0.000000000000000000e+00,9.000000000000000000e+02,9.411232026956811714e-02
9.244196307903555407e+02,6.581210815968089491e+02,3.100742609870156041e+00,4.353157038903863167e+02,1.198542167362503506e+02,6.729724849422915982e-04,-2.100055729400940015e-04,-3.171752234395257774e-06,1.200268683891761555e-05,4.206310865081940165e+02,1.597499113653199458e+02,1.577101405624144803e+00,-8.635564370936049325e-04,-1.486453434746611046e-04,2.918204116515224275e-05,4.246292006580829366e+02,1.996250445903403090e+02,3.410380769299367447e-03,-2.041824024497100338e-03,-2.784411272088142282e-05,2.944318617294140156e-05,0.000000000000000000e+00,0.000000000000000000e+00,9.465613190929642040e-02
9.239143264539602569e+02,6.590885137504853901e+02,3.102846079468140950e+00,4.353157038903863167e+02,1.198542167362503506e+02,6.729724849422915982e-04,-2.100055729400940015e-04,-3.171752234395257774e-06,1.200268683891761555e-05,4.206310865081940165e+02,1.597499113653199458e+02,1.577101405624144803e+00,-8.635564370936049325e-04,-1.486453434746611046e-04,2.918204116515224275e-05,4.246292006580829366e+02,1.996250445903403090e+02,3.410380769299367447e-03,-2.041824024497100338e-03,-2.784411272088142282e-05,2.944318617294140156e-05,0.000000000000000000e+00,0.000000000000000000e+00,6.310408793952507200e-02
9.235763268442376557e+02,6.597328770993209446e+02,3.104248392533462741e+00,4.353157038903863167e+02,1.198542167362503506e+02,6.729724849422915982e-04,-2.100055729400940015e-04,-3.171752234395257774e-06,1.200268683891761555e-05,4.206310865081940165e+02,1.597499113653199458e+02,1.577101405624144803e+00,-8.635564370936049325e-04,-1.486453434746611046e-04,2.918204116515224275e-05,4.246292006580829366e+02,1.996250445903403090e+02,3.410380769299367447e-03,-2.041824024497100338e-03,-2.784411272088142282e-05,2.944318617294140156e-05,0.000000000000000000e+00,0.000000000000000000e+00,4.206939195968033979e-02
9.233504919152585444e+02,6.601621890685696599e+02,3.105183267910343936e+00,4.353157038903863167e+02,1.198542167362503506e+02,6.729724849422915982e-04,-2.100055729400940015e-04,-3.171752234395257774e-06,1.200268683891761555e-05,4.206310865081940165e+02,1.597499113653199458e+02,1.577101405624144803e+00,-8.635564370936049325e-04,-1.486453434746611046e-04,2.918204116515224275e-05,4.246292006580829366e+02,1.996250445903403090e+02,3.410380769299367447e-03,-2.041824024497100338e-03,-2.784411272088142282e-05,2.944318617294140156e-05,0.000000000000000000e+00,0.000000000000000000e+00,2.804626130646239654e-02
9.231997123646062846e+02,6.604482796739501964e+02,3.105806518161598806e+00,4.353157038903863167e+02,1.198542167362503506e+02,6.729724849422915982e-04,-2.100055729400940015e-04,-3.171752234395257774e-06,1.200268683891761555e-05,4.206310865081940165e+02,1.597499113653199458e+02,1.577101405624144803e+00,-8.635564370936049325e-04,-1.486453434746611046e-04,2.918204116515224275e-05,4.246292006580829366e+02,1.996250445903403090e+02,3.410380769299367447e-03,-2.041824024497100338e-03,-2.784411272088142282e-05,2.944318617294140156e-05,0.000000000000000000e+00,0.000000000000000000e+00,1.869750753764170756e-02
9.230990936179168784e+02,6.606389545127558449e+02,3.106222018329102053e+00,4.353157038903863167e+02,1.198542167362503506e+02,6.729724849422915982e-04,-2.100055729400940015e-04,-3.171752234395257774e-06,1.200268683891761555e-05,4.206310865081940165e+02,1.597499113653199458e+02,1.577101405624144803e+00,-8.635564370936049325e-04,-1.486453434746611046e-04,2.918204116515224275e-05,4.246292006580829366e+02,1.996250445903403090e+02,3.410380769299367447e-03,-2.041824024497100338e-03,-2.784411272088142282e-05,2.944318617294140156e-05,0.000000000000000000e+00,0.000000000000000000e+00,1.246500502510617184e-02
9.230319704430846741e+02,6.607660478386776504e+02,3.106499018440770143e+00,4.353157038903863167e+02,1.198542167362503506e+02,6.729724849422915982e-04,-2.100055729400940015e-04,-3.171752234395257774e-06,1.200268683891761555e-05,4.206310865081940165e+02,1.597499113653199458e+02,1.577101405624144803e+00,-8.635564370936049325e-04,-1.486453434746611046e-04,2.918204116515224275e-05,4.246292006580829366e+02,1.996250445903403090e+02,3.410380769299367447e-03,-2.041824024497100338e-03,-2.784411272088142282e-05,2.944318617294140156e-05,0.000000000000000000e+00,0.000000000000000000e+00,8.310003350056067301e-03
9.229872021027174469e+02,6.608507663910037309e+02,3.106683685181882204e+00,4.353157038903863167e+02,1.198542167362503506e+02,6.729724849422915982e-04,-2.100055729400940015e-04,-3.171752234395257774e-06,1.200268683891761555e-05,4.206310865081940165e+02,1.597499113653199458e+02,1.577101405624144803e+00,-8.635564370936049325e-04,-1.486453434746611046e-04,2.918204116515224275e-05,4.246292006580829366e+02,1.996250445903403090e+02,3.410380769299367447e-03,-2.041824024497100338e-03,-2.784411272088142282e-05,2.944318617294140156e-05,0.000000000000000000e+00,0.000000000000000000e+00,5.540002233388445323e-03
9.229573478513030977e+02,6.609072408323617083e+02,3.106806796342623578e+00,4.353157038903863167e+02,1.198542167362503506e+02,6.729724849422915982e-04,-2.100055729400940015e-04,-3.171752234395257774e-06,1.200268683891761555e-05,4.206310865081940165e+02,1.597499113653199458e+02,1.577101405624144803e+00,-8.635564370936049325e-04,-1.486453434746611046e-04,2.918204116515224275e-05,4.246292006580829366e+02,1.996250445903403090e+02,3.410380769299367447e-03,-2.041824024497100338e-03,-2.784411272088142282e-05,2.944318617294140156e-05,0.000000000000000000e+00,0.000000000000000000e+00,3.693334822258993906e-03
9.229374411545500152e+02,6.609448884178648314e+02,3.106888870449785234e+00,4.353157038903863167e+02,1.198542167362503506e+02,6.729724849422915982e-04,-2.100055729400940015e-04,-3.171752234395257774e-06,1.200268683891761555e-05,4.206310865081940165e+02,1.597499113653199458e+02,1.577101405624144803e+00,-8.635564370936049325e-04,-1.486453434746611046e-04,2.918204116515224275e-05,4.246292006580829366e+02,1.996250445903403090e+02,3.410380769299367447e-03,-2.041824024497100338e-03,-2.784411272088142282e-05,2.944318617294140156e-05,0.000000000000000000e+00,0.000000000000000000e+00,2.462223214845201888e-03
9.229241683068038355e+02,6.609699859004649625e+02,3.106943586521225598e+00,4.353157038903863167e+02,1.198542167362503506e+02,6.729724849422915982e-04,-2.100055729400940015e-04,-3.171752234395257774e-06,1.200268683891761555e-05,4.206310865081940165e+02,1.597499113653199458e+02,1.577101405624144803e+00,-8.635564370936049325e-04,-1.486453434746611046e-04,2.918204116515224275e-05,4.246292006580829366e+02,1.996250445903403090e+02,3.410380769299367447e-03,-2.041824024497100338e-03,-2.784411272088142282e-05,2.944318617294140156e-05,0.000000000000000000e+00,0.000000000000000000e+00,1.641482143241929049e-03
9.229153189787396059e+02,6.609867171520498914e+02,3.106980063902185840e+00,4.353157038903863167e+02,1.198542167362503506e+02,6.729724849422915982e-04,-2.100055729400940015e-04,-3.171752234395257774e-06,1.200268683891761555e-05,4.206310865081940165e+02,1.597499113653199458e+02,1.577101405624144803e+00,-8.635564370936049325e-04,-1.486453434746611046e-04,2.918204116515224275e-05,4.246292006580829366e+02,1.996250445903403090e+02,3.410380769299367447e-03,-2.041824024497100338e-03,-2.784411272088142282e-05,2.944318617294140156e-05,0.000000000000000000e+00,0.000000000000000000e+00,1.094321428833922027e-03
9.229094190876364792e+02,6.609978711404355636e+02,3.107004382156160815e+00,4.353157038903863167e+02,1.198542167362503506e+02,6.729724849422915982e-04,-2.100055729400940015e-04,-3.171752234395257774e-06,1.200268683891761555e-05,4.206310865081940165e+02,1.597499113653199458e+02,1.577101405624144803e+00,-8.635564370936049325e-04,-1.486453434746611046e-04,2.918204116515224275e-05,4.246292006580829366e+02,1.996250445903403090e+02,3.410380769299367447e-03,-2.041824024497100338e-03,-2.784411272088142282e-05,2.944318617294140156e-05,0.000000000000000000e+00,0.000000000000000000e+00,7.295476192227229968e-04
9.229054856762101053e+02,6.610053070529825163e+02,3.107020594325476726e+00,4.353157038903863167e+02,1.198542167362503506e+02,6.729724849422915982e-04,-2.100055729400940015e-04,-3.171752234395257774e-06,1.200268683891761555e-05,4.206310865081940165e+02,1.597499113653199458e+02,1.577101405624144803e+00,-8.635564370936049325e-04,-1.486453434746611046e-04,2.918204116515224275e-05,4.246292006580829366e+02,1.996250445903403090e+02,3.410380769299367447e-03,-2.041824024497100338e-03,-2.784411272088142282e-05,2.944318617294140156e-05,0.000000000000000000e+00,0.000000000000000000e+00,4.863650794817792273e-04
9.229028633349523716e+02,6.610102642925864984e+02,3.107031402438354739e+00,4.353157038903863167e+02,1.198542167362503506e+02,6.729724849422915982e-04,-2.100055729400940015e-04,-3.171752234395257774e-06,1.200268683891761555e-05,4.206310865081940165e+02,1.597499113653199458e+02,1.577101405624144803e+00,-8.635564370936049325e-04,-1.486453434746611046e-04,2.918204116515224275e-05,4.246292006580829366e+02,1.996250445903403090e+02,3.410380769299367447e-03,-2.041824024497100338e-03,-2.784411272088142282e-05,2.944318617294140156e-05,0.000000000000000000e+00,0.000000000000000000e+00,3.242433863270471677e-04
9.229011150776816521e+02,6.610135691032430714e+02,3.107038607846940081e+00,4.353157038903863167e+02,1.198542167362503506e+02,6.729724849422915982e-04,-2.100055729400940015e-04,-3.171752234395257774e-06,1.200268683891761555e-05,4.206310865081940165e+02,1.597499113653199458e+02,1.577101405624144803e+00,-8.635564370936049325e-04,-1.486453434746611046e-04,2.918204116515224275e-05,4.246292006580829366e+02,1.996250445903403090e+02,3.410380769299367447e-03,-2.041824024497100338e-03,-2.784411272088142282e-05,2.944318617294140156e-05,0.000000000000000000e+00,0.000000000000000000e+00,2.161622575424348557e-04
9.228999495596056022e+02,6.610157723033485127e+02,3.107043411452662163e+00,4.353157038903863167e+02,1.198542167362503506e+02,6.729724849422915982e-04,-2.100055729400940015e-04,-3.171752234395257774e-06,1.200268683891761555e-05,4.206310865081940165e+02,1.597499113653199458e+02,1.577101405624144803e+00,-8.635564370936049325e-04,-1.486453434746611046e-04,2.918204116515224275e-05,4.246292006580829366e+02,1.996250445903403090e+02,3.410380769299367447e-03,-2.041824024497100338e-03,-2.784411272088142282e-05,2.944318617294140156e-05,0.000000000000000000e+00,0.000000000000000000e+00,1.441081716802739433e-04
9.228991725416751706e+02,6.610172411003087518e+02,3.107046613856477624e+00,4.353157038903863167e+02,1.198542167362503506e+02,6.729724849422915982e-04,-2.100055729400940015e-04,-3.171752234395257774e-06,1.200268683891761555e-05,4.206310865081940165e+02,1.597499113653199458e+02,1.577101405624144803e+00,-8.635564370936049325e-04,-1.486453434746611046e-04,2.918204116515224275e-05,4.246292006580829366e+02,1.996250445903403090e+02,3.410380769299367447e-03,-2.041824024497100338e-03,-2.784411272088142282e-05,2.944318617294140156e-05,0.000000000000000000e+00,0.000000000000000000e+00,9.607211445940706503e-05
9.228986545271083060e+02,6.610182202968998126e+02,3.107048748792354598e+00,4.353157038903863167e+02,1.198542167362503506e+02,6.729724849422915982e-04,-2.100055729400940015e-04,-3.171752234395257774e-06,1.200268683891761555e-05,4.206310865081940165e+02,1.597499113653199458e+02,1.577101405624144803e+00,-8.635564370936049325e-04,-1.486453434746611046e-04,2.918204116515224275e-05,4.246292006580829366e+02,1.996250445903403090e+02,3.410380769299367447e-03,-2.041824024497100338e-03,-2.784411272088142282e-05,2.944318617294140156e-05,0.000000000000000000e+00,0.000000000000000000e+00,6.404807630925604071e-05
9.228983091829022669e+02,6.610188730940130881e+02,3.107050172082939987e+00,4.353157038903863167e+02,1.198542167362503506e+02,6.729724849422915982e-04,-2.100055729400940015e-04,-3.171752234395257774e-06,1.200268683891761555e-05,4.206310865081940165e+02,1.597499113653199458e+02,1.577101405624144803e+00,-8.635564370936049325e-04,-1.486453434746611046e-04,2.918204116515224275e-05,4.246292006580829366e+02,1.996250445903403090e+02,3.410380769299367447e-03,-2.041824024497100338e-03,-2.784411272088142282e-05,2.944318617294140156e-05,0.000000000000000000e+00,0.000000000000000000e+00,4.269871753946190588e-05
9.228980789529152844e+02,6.610193082918156051e+02,3.107051120943330247e+00,4.353157038903863167e+02,1.198542167362503506e+02,6.729724849422915982e-04,-2.100055729400940015e-04,-3.171752234395257774e-06,1.200268683891761555e-05,4.206310865081940165e+02,1.597499113653199458e+02,1.577101405624144803e+00,-8.635564370936049325e-04,-1.486453434746611046e-04,2.918204116515224275e-05,4.246292006580829366e+02,1.996250445903403090e+02,3.410380769299367447e-03,-2.041824024497100338e-03,-2.784411272088142282e-05,2.944318617294140156e-05,0.000000000000000000e+00,0.000000000000000000e+00,2.846581168121648105e-05
