9.000000000000002274e+02,5.266666666666667425e+02,3.141592653589793116e+00,4.080000000000000000e+02,1.250000000000000000e+02,0.000000000000000000e+00,0.000000000000000000e+00,-2.666666666666666794e-04,0.000000000000000000e+00,4.510000000000000000e+02,1.250000000000000000e+02,0.000000000000000000e+00,0.000000000000000000e+00,-2.666666666666666794e-04,0.000000000000000000e+00,4.930000010339172150e+02,1.250000004505790372e+02,-4.838622424635775847e-08,0.000000000000000000e+00,-2.666666666666666794e-04,0.000000000000000000e+00,0.000000000000000000e+00,0.000000000000000000e+00,-4.899493348392791603e-01,0.000000000000000000e+00,2.666666666666666794e-04,-4.899493348392791603e-01
9.040057911885985504e+02,5.196661689780260076e+02,3.126447435795176144e+00,4.080000000000000000e+02,1.248222133333333375e+02,0.000000000000000000e+00,0.000000000000000000e+00,-1.333359999999999879e+01,0.000000000000000000e+00,4.510000000000000000e+02,1.248222133333333375e+02,0.000000000000000000e+00,0.000000000000000000e+00,-1.333359999999999879e+01,0.000000000000000000e+00,4.919603218101885318e+02,1.244836883649626316e+02,3.485453733753029332e-02,-3.758287861331703539e+01,-2.591089412936879910e+01,1.231751313282661631e+00,0.000000000000000000e+00,0.000000000000000000e+00,-3.419201812535810348e-01,-2.505525240887802596e+00,1.249484705804207962e+01,1.049711878357479922e-01
9.067890582008194542e+02,5.145720896328518847e+02,3.115634943222556075e+00,4.080000000000000000e+02,1.241999822222222321e+02,0.000000000000000000e+00,0.000000000000000000e+00,-2.666693333333333626e+01,0.000000000000000000e+00,4.504232197415371388e+02,1.240001601346681213e+02,1.479845836319368911e-02,-2.786519784317762927e+01,-3.670055799309273681e+01,6.849998038125225674e-01,4.907356309827208065e+02,1.235403291618892183e+02,5.480059972680258185e-02,-3.522436981848503024e+01,-3.412190453074770602e+01,1.180636688418362501e-01,0.000000000000000000e+00,0.000000000000000000e+00,-2.358002809727377524e-01,-1.700445936556370885e+00,1.300591321814633794e+01,7.884623716668709426e-02
9.087481474351247925e+02,5.108074321918511487e+02,3.107797379871684917e+00,4.080000000000000000e+02,1.231333066666666838e+02,0.000000000000000000e+00,0.000000000000000000e+00,-4.000026666666666131e+01,0.000000000000000000e+00,4.494714665259281219e+02,1.225981073500742013e+02,3.877375724352186137e-02,-2.794824255809639979e+01,-5.006653163167657539e+01,6.868731639929394062e-01,4.895622069633861884e+02,1.222246768491361593e+02,5.871077595047953512e-02,-3.514132510356626682e+01,-4.742259755883051042e+01,1.108509155353799430e-01,0.000000000000000000e+00,0.000000000000000000e+00,-1.578831877673447792e-01,0.000000000000000000e+00,1.333333333333333215e+01,7.791709320539297323e-02
9.100468418412152687e+02,5.082125092125038464e+02,3.102534606946106610e+00,4.079289982484845041e+02,1.216007699818542847e+02,1.969674877015922376e-03,-1.052142438402516333e+01,-5.654610272185932018e+01,2.888109764384215739e-01,4.485436970620290822e+02,1.207477248236171192e+02,5.125828267096044222e-02,-2.181473237670457621e+01,-6.203364632579751259e+01,-5.417346696959517427e-01,4.886754713821346172e+02,1.208580461246767612e+02,6.117252118593313748e-02,2.738983678531423660e+00,-1.803622600843227008e+00,-1.311797696378932121e-01,1.000000000000000000e+02,0.000000000000000000e+00,-1.056489455475251305e-01,1.000000000000000000e+02,1.333333333333333215e+01,5.223424221981964877e-02
9.142420961416037244e+02,5.064134747415137099e+02,3.099012975427855920e+00,4.077569329233376720e+02,1.199077172960792410e+02,4.209974017592972226e-03,7.006246464905417248e+00,5.300905909541138605e+00,-3.514246367016065076e-01,4.486464653591289107e+02,1.201332713808621691e+02,3.063974980318711488e-02,1.149355032339230931e+01,-8.082109279224518161e+00,-5.620280236054965295e-01,4.889125635427001839e+02,1.207033166269348357e+02,4.974509880301150599e-02,1.132993609177008842e+01,-7.647811816141646624e+00,-5.467818292660117097e-01,2.000000000000000000e+02,0.000000000000000000e+00,-2.194981105226201379e-01,1.000000000000000000e+02,1.333333333333333215e+01,-1.138491649750950074e-01
9.229335852732419880e+02,5.022580092950325366e+02,3.090338698415019181e+00,4.085816312746090375e+02,1.203803748549856181e+02,-2.738689271478565723e-02,1.094289133197534198e+02,4.484080940391818615e+01,4.730774188028827321e-01,4.490784841421399847e+02,1.198443663801849368e+02,7.979333991634453283e-03,7.968685323492924510e+01,2.340078050367325702e+01,-1.544274349431057125e+00,4.893546727599214705e+02,1.204034292812943221e+02,2.823063352195701731e-02,6.957977294222844478e+01,-3.226647565725141220e+01,-2.293173549201257266e+00,2.783952545071017539e+02,0.000000000000000000e+00,-4.265279160442947415e-01,1.000000000000000000e+02,6.607029507338099350e+00,1.757268933486948459e-01
9.370375226496862524e+02,4.914939979114266180e+02,3.067471662962745871e+00,4.139790914526418533e+02,1.220790200115395692e+02,-2.514270486064938345e-02,1.592711591384326368e+02,4.910272601219772071e+01,-1.188538916673751306e-01,4.539491352470569723e+02,1.212198539409265550e+02,-2.533669109058620320e-02,1.591689632539934962e+02,4.434930825331175441e+01,-1.188535601585440638e-01,4.936022651359184010e+02,1.208914103746782445e+02,-4.820882085705308073e-02,1.591298299699178926e+02,3.963297418968417674e+01,-1.188533876525590810e-01,3.567668653443359403e+02,0.000000000000000000e+00,-5.848078360977559953e-01,1.000000000000000000e+02,1.074605688298421491e+01,1.888449855346852058e-01
9.543902183683110252e+02,4.789534837136498027e+02,3.041093724299813505e+00,4.213904668314946207e+02,1.235560110983500834e+02,-4.901669621207226102e-02,2.325291027973127598e+02,3.962654802020026779e+01,-5.192996362967821078e-01,4.613551076338402481e+02,1.222077394008521480e+02,-4.893135128580682058e-02,2.321026627253102674e+02,1.944413651260686748e+01,-5.022428771216050913e-01,5.010644410454560784e+02,1.213174259687790055e+02,-6.790956547727905468e-02,2.317419719523897754e+02,-3.352998786788381480e-01,-4.994918734562782126e-01,4.421799463368245142e+02,0.000000000000000000e+00,-8.229250909713048401e-01,1.000000000000000000e+02,1.104335841326229506e+01,-1.516179263506112207e-03
9.757080639299474569e+02,4.628746850339045977e+02,3.007813397384737186e+00,4.308764275993387400e+02,1.250951747794821927e+02,-8.519087119346208103e-02,2.888696935963138799e+02,4.723043357538655584e+01,-8.576227749399935041e-01,4.708396522254503793e+02,1.228251887354617935e+02,-8.227161773167852854e-02,2.904927323603653804e+02,1.724961958365879866e+01,-6.276810676884952978e-01,5.105943292257153416e+02,1.212428124711435515e+02,-9.804548557756219418e-02,2.908085498964218800e+02,8.144959608937789142e+00,-6.278264840605296548e-01,5.287351199464610545e+02,0.000000000000000000e+00,-1.106776128556337113e+00,1.000000000000000568e+02,1.382873548788336393e+01,-7.656218815601367744e-02
1.001046439152879429e+03,4.421533384649856657e+02,2.965453412551584123e+00,4.420929147195957967e+02,1.270627152571918401e+02,-1.299238750971457579e-01,3.396173702422520364e+02,6.068415813034972217e+01,-1.210644341775403809e+00,4.820326873821347817e+02,1.235046503366964856e+02,-1.228438434743838042e-01,3.394669166547762416e+02,1.707459841127150568e+01,-9.479301422828525503e-01,5.218945507553065681e+02,1.217272347483846886e+02,-1.359580486683056866e-01,3.417613188510592295e+02,1.151794687562986041e+01,-9.479314294446589129e-01,6.164438877222370365e+02,0.000000000000000000e+00,-1.400085186737243248e+00,1.000000000000000000e+02,1.336635121346413513e+01,-1.120701920994111589e-01
1.029611438009257881e+03,4.178477837172430327e+02,2.912717296559562463e+00,4.536683262274101480e+02,1.288271523856012379e+02,-1.783794427102324553e-01,3.393589607727906241e+02,4.953301314707040603e+01,-1.214578739320809619e+00,4.936156368621980732e+02,1.239208825328042991e+02,-1.620426914834592891e-01,3.396620463359439555e+02,7.834373339736186992e+00,-8.258763226840326599e-01,5.336565813705163919e+02,1.221665868703383779e+02,-1.727907458653895612e-01,3.438692034626839131e+02,9.363775588913902936e+00,-8.258763227012486663e-01,6.877657780646306946e+02,0.000000000000000000e+00,-1.623728716189134502e+00,1.000000000000000000e+02,-5.625829736642793222e+01,-1.996709582909739211e-02
1.060399152997166311e+03,3.880264010135157378e+02,2.850005736235391662e+00,4.653922636883154951e+02,1.303265596314409720e+02,-2.341499718716367195e-01,3.454389360932340196e+02,4.348675241534611047e+01,-1.488954268861195862e+00,5.054894038583008751e+02,1.240224872896016848e+02,-1.942987114525534798e-01,3.502298934682308982e+02,-1.256943720924499575e+00,-6.165740092853085885e-01,5.457699389122474258e+02,1.225002177834414709e+02,-2.027176327654631183e-01,3.557200233037661974e+02,6.576504558357797237e+00,-6.165740092687487239e-01,7.583415744339005187e+02,0.000000000000000000e+00,-1.777301528513017814e+00,1.000000000000000000e+02,-5.312936511586539723e+01,1.466802410549281621e-01
1.092238328971826832e+03,3.538525349707615533e+02,2.780496668209223809e+00,4.776521350791136342e+02,1.315742960339140666e+02,-2.967939759704810165e-01,3.650563387657476255e+02,3.672998672657087837e+01,-1.670890646156857340e+00,5.180744062347429235e+02,1.238920803765727641e+02,-2.155405678251502699e-01,3.744675068960086719e+02,-7.561242160186252725e+00,-2.955874753457541360e-01,5.585924225515086619e+02,1.227006171322136794e+02,-2.216885407498579430e-01,3.790553725494257264e+02,3.025447311341375567e+00,-2.955874753541347655e-01,8.320432979952460073e+02,0.000000000000000000e+00,-1.881050419304415300e+00,1.000000000000000000e+02,-3.839595010044403978e+01,2.559114511791276136e-01
1.124404340252019438e+03,3.196213443579441673e+02,2.713034517417745928e+00,4.898142810248928640e+02,1.325120789169607463e+02,-3.486079132567941330e-01,3.619306011316701301e+02,2.353252697431330276e+01,-1.562419803839153021e+00,5.305185210946290226e+02,1.235166853684637829e+02,-2.246607617031305404e-01,3.706218914292375644e+02,-1.659036643777418618e+01,-1.636143099368580212e-01,5.712259860930006425e+02,1.227845337801435193e+02,-2.297105773596749001e-01,3.761911468805084269e+02,1.644662624130026174e+00,-1.636143099522122391e-01,9.214190659971463901e+02,0.000000000000000000e+00,-2.024566886495353657e+00,1.000000000000000000e+02,-1.322724666191512810e+01,3.117116787612905782e-02
1.157452721631308805e+03,2.840790589310773271e+02,2.644749259194020929e+00,5.018330759117016555e+02,1.331212217665608932e+02,-3.992344679348004410e-01,3.523084013797026728e+02,1.484071967253132129e+01,-8.825896608487922013e-01,5.428169130150770343e+02,1.228451804625034356e+02,-2.286218084535339701e-01,3.514653237426519468e+02,7.701452313972287911e+00,-7.642615170225737220e-01,5.837351910325770632e+02,1.228193392216604991e+02,-2.328743754971617508e-01,3.719827112332914680e+02,1.023322983782080753e+00,-1.025414727746118693e-01,1.019918442704397421e+03,0.000000000000000000e+00,-2.164320537894308671e+00,1.000000000000000000e+02,9.581775101460856092e+00,-1.100477712067018388e-01
1.191319768427023064e+03,2.462970735379452663e+02,2.572600329296253818e+00,5.135274177128152360e+02,1.334706176991666666e+02,-4.244147735072339445e-01,3.485447488564863647e+02,4.037407894887384607e+00,-5.556190127089499775e-01,5.544294852314425270e+02,1.231433678693467755e+02,-2.590537319149386342e-01,3.438868744061343818e+02,1.074160052450563008e+01,-1.145627414818337853e+00,5.960108103440763898e+02,1.228843788062286819e+02,-2.393448208886849449e-01,3.625822921722925116e+02,3.357354752113887120e+00,-3.415041961842806839e-01,0.000000000000000000e+00,0.000000000000000000e+00,-2.238837256258561226e+00,-1.019918442704397421e+03,1.333333333333333215e+01,-7.451671836425255435e-02
1.188333120183585379e+03,2.073331204875526907e+02,2.497972420754302814e+00,5.250902811052385459e+02,1.334669773670305801e+02,-4.379725178613690928e-01,3.443154542881748625e+02,-6.210322850838137398e+00,-1.710987792252492423e-01,5.657953531265073934e+02,1.235379576286833867e+02,-3.030579031981913696e-01,3.367159170295704484e+02,1.332308451169007313e+01,-1.596033453871438468e+00,6.079714392761662793e+02,1.230277741699523943e+02,-2.541081301259220382e-01,3.531739065795104011e+02,5.704664073417691661e+00,-6.010811130114870338e-01,0.000000000000000000e+00,0.000000000000000000e+00,-1.496459477848102182e+00,0.000000000000000000e+00,1.333333333333333215e+01,7.423777784104590438e-01
1.186170669644668578e+03,1.868726642213860600e+02,2.459101817351451835e+00,5.350464660695674866e+02,1.334448376412579478e+02,-3.782094838137609605e-01,1.330215286591288191e+02,2.644121353643809158e+01,8.499187625889552677e+00,5.748720810619105350e+02,1.251762158213722387e+02,-3.716219356815895214e-01,4.208349752482565975e+01,1.812330241451977315e+02,-3.321040888108488076e+00,6.151359592772224687e+02,1.246481314381087913e+02,-3.538760585349016718e-01,4.105959384162494530e+01,3.986680450172137569e+01,-3.333893076649454112e+00,-4.615977358938800990e+01,0.000000000000000000e+00,-1.127597908788446901e+00,-1.000000000000000000e+02,3.048854535077289185e+01,-7.214988245910898268e-01
1.183765562951769425e+03,1.759598874380713767e+02,2.438783922879454114e+00,5.329171068305923882e+02,1.363537494774236905e+02,-2.722276294369661009e-01,-9.599064248382265419e+01,9.032754700129531500e+01,1.900786345383703058e+00,5.724396711812840977e+02,1.313153631409552418e+02,-3.286328197423605268e-01,-8.451843673229096510e+01,1.674870527419411133e+02,1.883432741959476742e+00,6.140833035982899446e+02,1.275547794837901563e+02,-4.901340440191006009e-01,-7.384554202010876622e+01,9.542644185108277100e+01,-2.579068622415416012e+00,-1.147918241719345644e+02,0.000000000000000000e+00,-9.197804780857765650e-01,-1.000000000000000000e+02,2.304666662739747807e+01,-4.140573798306526054e-01
1.178128292364649496e+03,1.638130502570032831e+02,2.415692097062982047e+00,5.276075738184061947e+02,1.398550467875043353e+02,-2.363147375244579185e-01,-1.515480808431092328e+02,9.588906394136242284e+01,9.510006843929417197e-01,5.674453251022245013e+02,1.363774695250014872e+02,-2.824326620484329808e-01,-1.471379082106016369e+02,1.339067873543262124e+02,9.456430571353366954e-01,6.098702662051588277e+02,1.322542212780894033e+02,-5.359844826355251168e-01,-1.371020158268412104e+02,1.340134060842792678e+02,-7.000728470619486110e-01,-2.026962652623125507e+02,0.000000000000000000e+00,-6.211590656420362677e-01,-1.000000000000000000e+02,1.670454771904325497e+01,7.945764545707900695e-02
1.170001241815264166e+03,1.556064056967677800e+02,2.400173963826735868e+00,5.210341793115485416e+02,1.432097492491483308e+02,-2.034975659609830068e-01,-1.906587469170952431e+02,9.106441148125749407e+01,1.026641356421181150e+00,5.610778959283961740e+02,1.410960273689613018e+02,-2.414339575552710560e-01,-1.873097106702982728e+02,1.319614076407677601e+02,1.021845991986056523e+00,6.042314292857195142e+02,1.373661295071711663e+02,-5.708013415756444386e-01,-1.791031425588130617e+02,1.394858476808127818e+02,-4.718091596176359759e-01,-2.946106922446023191e+02,0.000000000000000000e+00,-3.278010087781879633e-01,-1.000000000000000000e+02,1.591349396152467754e+01,1.439936532555378124e-01
1.159511780936424657e+03,1.514876507096311968e+02,2.392613356818183767e+00,5.136849132244244629e+02,1.462274415020906986e+02,-1.649727198597794597e-01,-2.147547987678770767e+02,8.120560563979252322e+01,1.190226980391610567e+00,5.538716779995119168e+02,1.456708169850382149e+02,-1.964117765617644229e-01,-2.125609930661767351e+02,1.289336413122971976e+02,1.190165355456960672e+00,5.975962413231354731e+02,1.426795826922542858e+02,-5.943985923402484994e-01,-2.056102661159786180e+02,1.459943681097599608e+02,-2.343188873126809124e-01,-3.895537283910139763e+02,0.000000000000000000e+00,-3.551124202525457463e-02,-1.000000000000000000e+02,1.557479655060077661e+01,1.984466455538388130e-01
1.146989837821244691e+03,1.524148590433290167e+02,2.394979396854126641e+00,5.054998674265706882e+02,1.488551007522081875e+02,-1.191486999970261806e-01,-2.433196128841639450e+02,7.009371580116017242e+01,1.448055872575819469e+00,5.457287518805528634e+02,1.501818698130437895e+02,-1.433291663254343540e-01,-2.429625172862684508e+02,1.283341342238745710e+02,1.446999018896129030e+00,5.898871947050395192e+02,1.483688727652609884e+02,-6.053091686255175352e-01,-2.378960314358923256e+02,1.587706290382300551e+02,7.181553551230507315e-02,-4.834702548139275109e+02,0.000000000000000000e+00,2.448980326432348420e-01,-1.000000000000000000e+02,1.607099093342766238e+01,1.730824971309299909e-01
1.132384263619649573e+03,1.581556088556963005e+02,2.406799513804449120e+00,4.963530519279771624e+02,1.510389223934078302e+02,-7.100107166031607853e-02,-2.782585193615191770e+02,5.679885399890667941e+01,1.643893375891570585e+00,5.364482902254861756e+02,1.546584505607395101e+02,-7.268932185776900978e-02,-2.790131844474243508e+02,1.300152621104612933e+02,2.012599084853449405e+00,5.809070315784285867e+02,1.546911416172740132e+02,-6.040924073133471239e-01,-2.773771654205398818e+02,1.794645889080783263e+02,3.661670855612172426e-01,-5.761055409723837784e+02,0.000000000000000000e+00,5.311871532568535059e-01,-1.000000000000000000e+02,1.660534839694542697e+01,1.650200676956351531e-01
1.115586184707664188e+03,1.688370911885933765e+02,2.428251043078033522e+00,4.860349852511336621e+02,1.526779823209753033e+02,6.090612483461786686e-03,-3.098979128066796420e+02,4.028089116751665699e+01,2.364427133216603139e+00,5.258318752165863543e+02,1.593411358220849365e+02,7.834899433098410637e-03,-3.234673697667529950e+02,1.369235524784782854e+02,2.474273426511793161e+00,5.703817403504696131e+02,1.617545258216012769e+02,-5.911810917458227843e-01,-3.270728706823092011e+02,2.028320003561760245e+02,6.586197679053789056e-01,-6.677195887039664512e+02,0.000000000000000000e+00,8.388696245563664888e-01,-1.000000000000000000e+02,1.691718259898163979e+01,1.802498566510806199e-01
1.096338357170207928e+03,1.847542177347756081e+02,2.459783581169969313e+00,4.746510114046210447e+02,1.536561536713776945e+02,1.060983469611323782e-01,-3.431407729347690179e+02,2.022975958009939035e+01,3.044890687060980206e+00,5.136874634146704466e+02,1.642189683704597485e+02,1.102958019559837494e-01,-3.716366166271220663e+02,1.433356402741166562e+02,3.248045663181368781e+00,5.580165234369560494e+02,1.697323389605245438e+02,-5.666502816589982228e-01,-3.853518509564338501e+02,2.321275303004159412e+02,9.656365424571684564e-01,-7.584068495531283816e+02,0.000000000000000000e+00,1.186212369135652978e+00,-1.000000000000000000e+02,1.704376574349742413e+01,2.205758266785055044e-01
1.074744947706258017e+03,2.090339196677765585e+02,2.505631517806838460e+00,4.623774148737311407e+02,1.538666673792644417e+02,2.367087620413161619e-01,-3.711022543693828766e+02,-3.372492278107853014e+00,4.004450397385781457e+00,4.998731267045689606e+02,1.692960138043791005e+02,2.362790284434611865e-01,-4.326841999311323548e+02,1.486889040233012338e+02,3.852583644280743513e+00,5.434831744538159910e+02,1.786702984765419728e+02,-5.279442179480221542e-01,-4.464723959488583773e+02,2.639177373140394138e+02,1.548675504407687420e+00,-8.225588317504884799e+02,0.000000000000000000e+00,1.561864595812814116e+00,-1.000000000000000000e+02,-4.769569495778649326e+01,1.318906326767965709e-02
1.050587495176641823e+03,2.421663902535399302e+02,2.566696590624101937e+00,4.495400254718506403e+02,1.534651580039848398e+02,3.790482702857882469e-01,-3.900241692595633936e+02,-2.081033792772391422e+01,4.476293348629361013e+00,4.842975293835659159e+02,1.741958180778582914e+02,3.784107087202171482e-01,-4.740668982577190036e+02,1.427180647694964080e+02,4.528932846332224038e+00,5.269806974939791644e+02,1.884092146562342975e+02,-4.702513650777646603e-01,-5.126104762575999985e+02,2.849821022124078240e+02,1.910363004215130278e+00,-8.905426336763305244e+02,0.000000000000000000e+00,1.943956725181710254e+00,-1.000000000000000000e+02,-4.312300093147928237e+01,3.359372096665969032e-02
1.021925192685585671e+03,2.814817020738372548e+02,2.640045842473069726e+00,4.364950247165158430e+02,1.525769401136314798e+02,5.296717573968373616e-01,-3.915452924426018058e+02,-3.438587760493797418e+01,4.602778209678286991e+00,4.676509885616015936e+02,1.786479986580108914e+02,5.356512216063717968e-01,-5.103981458319263993e+02,1.259659372755459827e+02,4.973177382672886893e+00,5.078159872434727049e+02,1.986980502671316344e+02,-3.997485726906248593e-01,-5.971284842516084836e+02,3.027708423682635726e+02,2.277346502825744690e+00,-9.640273140178240965e+02,0.000000000000000000e+00,2.370198504090641478e+00,-1.000000000000000000e+02,-3.072916448874605067e+01,9.285200126478843075e-02
9.871515479948404845e+02,3.259838780499540007e+02,2.724883962237673263e+00,4.232827623897995295e+02,1.511606765581827005e+02,6.951528550814441987e-01,-3.981840659976635379e+02,-5.129433520717365980e+01,5.104501438802905966e+00,4.496024999904629453e+02,1.824177159974053950e+02,7.134157295053437098e-01,-5.439234003503620443e+02,1.069609120083399318e+02,5.494584492980811419e+00,4.853881059452810405e+02,2.096689300706202630e+02,-3.175497835178732742e-01,-7.043712926625028103e+02,3.204080390380804602e+02,2.593440517685968061e+00,-1.045951937452152379e+03,0.000000000000000000e+00,2.857424384613134194e+00,-9.999999999999988631e+01,-5.839054413421249201e+00,2.639838669271608040e-01
9.444395716051883483e+02,3.755637508977988546e+02,2.821644132621619061e+00,4.100099601898773471e+02,1.492730876068324619e+02,8.653029030415412270e-01,-3.981840659976635379e+02,-6.462766854050698839e+01,5.104501438802905966e+00,4.310641572371683310e+02,1.855913649833843806e+02,9.103235367353545993e-01,-5.624142067295367724e+02,8.489712521406657686e+01,6.160141681662081758e+00,4.586633561864409785e+02,2.207397661814027288e+02,-2.238913195959921776e-01,-8.379930590077085526e+02,3.240131907148229402e+02,2.920102999120000486e+00,-1.135811099270527393e+03,0.000000000000000000e+00,3.398762000837551867e+00,-1.000000000000000000e+02,1.388053543660903699e+01,4.786590017175496037e-01
8.910919287276740306e+02,4.329172559999865939e+02,2.936093799956112083e+00,3.967371579899551648e+02,1.469410542110377946e+02,1.035452951001638144e+00,-3.981840659976635379e+02,-7.796100187384034541e+01,5.104501438802905966e+00,4.123170170128504424e+02,1.882434913794087947e+02,1.115661592790757606e+00,-5.624142067295367724e+02,7.156379188073321984e+01,6.160141681662081758e+00,4.272408371838122321e+02,2.313581327114480644e+02,-1.131631634710732748e-01,-9.793119897914957619e+02,3.037519525179579318e+02,3.445928663634111544e+00,0.000000000000000000e+00,0.000000000000000000e+00,3.884463412633438750e+00,1.126389837218274124e+03,1.287147300909791525e+01,4.385347489993280945e-01
8.655254062222320499e+02,4.951819124158301406e+02,3.065602813657323011e+00,3.834643557900329824e+02,1.441645763707986703e+02,1.205602998961735173e+00,-3.981840659976635379e+02,-9.129433520717370243e+01,5.104501438802905966e+00,3.935698767885325537e+02,1.904511733309888086e+02,1.320999648846160612e+00,-5.624142067295367724e+02,5.823045854739988414e+01,6.160141681662081758e+00,3.944918514356027686e+02,2.413175605519418525e+02,1.658867333195958305e-03,-9.793119897914957619e+02,2.904186191846245038e+02,3.445928663634111544e+00,0.000000000000000000e+00,0.000000000000000000e+00,2.590478016372790293e+00,0.000000000000000000e+00,1.333333333333333215e+01,-1.293985396260648457e+00
8.440805487218219696e+02,5.345741285161076348e+02,3.151952080869749651e+00,3.701915535901108001e+02,1.409436540861150888e+02,1.375753046921832201e+00,-3.981840659976635379e+02,-1.046276685405070594e+02,5.104501438802905966e+00,3.748227365642146651e+02,1.922144108381243370e+02,1.526337704901563619e+00,-5.624142067295367724e+02,4.489712521406656265e+01,6.160141681662081758e+00,3.618481184425528454e+02,2.508204034136515475e+02,1.165231561209996713e-01,-1.831719295741262385e+02,1.691872837030740939e+01,-1.386485578333179802e+01,0.000000000000000000e+00,0.000000000000000000e+00,1.728383480571480391e+00,5.307600401449128924e+01,-4.011103832065578523e+00,-7.322746261386843258e-01
8.291184369311450837e+02,5.567809859086199822e+02,3.202543038519544361e+00,3.598383817242897180e+02,1.377805187602820354e+02,1.518667250782949507e+00,3.827569946301447601e+01,-4.250937978762901537e+01,9.106234770449763705e-01,3.598552253834926091e+02,1.930619174446687509e+02,1.691602851460214385e+00,-1.194676720896474897e+01,-3.852096682677173334e+01,9.106234770449754823e-01,3.616169482900679668e+02,2.495188384858301447e+02,4.920152539735109937e-02,1.433178487540165769e+01,-5.843424937396104468e+01,1.655653034804999368e+00,0.000000000000000000e+00,0.000000000000000000e+00,1.258599036634899804e+00,7.896206129538508378e+01,9.556481264518085439e+00,3.479755595899242104e-01
8.175033108496761542e+02,5.726904219684163309e+02,3.240183551290536812e+00,3.637722760398575019e+02,1.362914699568870276e+02,1.558535747636396129e+00,1.328353641083135415e+02,-5.167813119693289536e+01,1.112976727274443745e+00,3.621992406414773882e+02,1.915925026210704800e+02,1.701748454781735198e+00,7.127310977136491488e+01,-5.172774987349804832e+01,1.112976727274444411e+00,3.624778922988722343e+02,2.473904733306735011e+02,8.675414314011739569e-02,1.547699231072265569e+01,-7.149768656932640454e+01,1.572387701089548173e+00,0.000000000000000000e+00,0.000000000000000000e+00,9.000407153111655845e-01,1.192831660406331906e+01,1.363740188990697177e+01,-2.129360119632794923e-01
8.081662128610380478e+02,5.848849199843650695e+02,3.269841943944085561e+00,3.683121472570073820e+02,1.343930376568447969e+02,1.598558646530456206e+00,1.328353641083135415e+02,-6.501146453026622396e+01,1.112976727274443745e+00,3.650134867889921111e+02,1.896991392039583388e+02,1.717103427297179241e+00,7.163474027849083825e+01,-6.496063537422556067e+01,1.087226178985791991e+00,3.634495297371382776e+02,2.448769773413198720e+02,1.117888289467510454e-01,2.242487177011740940e+01,-8.304108580001098971e+01,1.064992348305041192e+00,0.000000000000000000e+00,0.000000000000000000e+00,6.077783793880264795e-01,4.873006644347115945e-01,1.345935879568363625e+01,-2.924834439269802244e-01
8.016480142172903243e+02,5.929211090012781824e+02,3.289910082054074092e+00,3.727503679203169327e+02,1.320486029956974789e+02,1.636037265226019555e+00,1.328353641083135415e+02,-7.834479786359958098e+01,1.112976727274443745e+00,3.677316262548992540e+02,1.873708685392889208e+02,1.736705792531419767e+00,7.163474027849083825e+01,-7.829396870755891769e+01,1.087226178985791991e+00,3.644462848885806920e+02,2.419444808052152780e+02,1.338698350864083175e-01,2.340515282051589452e+01,-9.608381770768241381e+01,9.924236634404794977e-01,0.000000000000000000e+00,0.000000000000000000e+00,4.102293649597132941e-01,6.535207002656594211e-02,1.335270676171079884e+01,-1.975815170114415542e-01
7.971516247434401521e+02,5.982177657125594123e+02,3.303467787732646599e+00,3.771782133905940668e+02,1.292593319557997518e+02,1.673136489468501242e+00,1.328353641083135415e+02,-9.167813119693293800e+01,1.112976727274443745e+00,3.703146192092292495e+02,1.845954613145720771e+02,1.763174185162731833e+00,7.163474027849083825e+01,-9.162730204089227470e+01,1.087226178985791991e+00,3.654307954463923807e+02,2.385780247672201710e+02,1.560503410774769228e-01,2.411568522695291605e+01,-1.091943355111596929e+02,9.399446592674655099e-01,0.000000000000000000e+00,0.000000000000000000e+00,2.772481134425230920e-01,4.736882709580191031e-02,1.334818770199040650e+01,-1.329882391931834218e-01
7.940631338222244722e+02,6.017178669038351018e+02,3.312662244469036565e+00,3.816060588608712010e+02,1.260256164714575391e+02,1.710235713710982930e+00,1.328353641083135415e+02,-1.050114645302662950e+02,1.112976727274443745e+00,3.727573769431251094e+02,1.813674566323466877e+02,1.796725215491035144e+00,7.163474027849083825e+01,-1.049606353742256317e+02,1.087226178985791991e+00,3.664071718148272225e+02,2.347745619720783452e+02,1.783074544586140675e-01,2.470752704554718449e+01,-1.223356760224512811e+02,8.965997745716725031e-01,0.000000000000000000e+00,0.000000000000000000e+00,1.874106470888303733e-01,3.945612123961718398e-02,1.334613285480278577e+01,-8.982693426594912101e-02
7.919526382723988718e+02,6.040150537788115344e+02,3.318889952306147251e+00,3.860339043311483351e+02,1.223474565426708836e+02,1.747334937953464618e+00,1.328353641083135415e+02,-1.183447978635996520e+02,1.112976727274443745e+00,3.751452016190748395e+02,1.776909910087613866e+02,1.832966088123895165e+00,7.163474027849083825e+01,-1.182939687075589887e+02,1.087226178985791991e+00,3.673758388278761231e+02,2.305321557828858374e+02,2.007160656124414577e-01,2.519961993603752504e+01,-1.355057357595740655e+02,8.610154038448594171e-01,0.000000000000000000e+00,0.000000000000000000e+00,1.270072911149355832e-01,3.280619269935642485e-02,1.334421823974737364e+01,-6.037881711665155082e-02
7.905145443271308068e+02,6.055039619753595161e+02,3.323103072490181553e+00,3.896645770765167640e+02,1.201650002453024939e+02,1.628837230350091758e+00,1.029413869242363120e+02,-6.161022664923879688e+01,-4.594287879740299729e+00,3.775330262950245697e+02,1.735700809407316569e+02,1.869206960756755187e+00,7.163474027849083825e+01,-1.316273020408923173e+02,1.087226178985791991e+00,3.683378605961474932e+02,2.258497236696300376e+02,2.232627963988236541e-01,2.562990184273265726e+01,-1.486942173301667651e+02,8.303674204567966788e-01,0.000000000000000000e+00,0.000000000000000000e+00,8.668659239202902711e-02,2.868546044634240691e-02,1.334299011751603459e+01,-4.028457876170368768e-02
7.895301209885384424e+02,6.064571650757879979e+02,3.325971256558475808e+00,3.920513915435136596e+02,1.201279795070052785e+02,1.517900726463653260e+00,5.006492553907337850e+01,3.356517632978146537e+01,-2.411014004323858817e+00,3.799208509709742998e+02,1.690047264282574702e+02,1.905447833389615209e+00,7.163474027849083825e+01,-1.449606353742256033e+02,1.087226178985791991e+00,3.692961531240765112e+02,2.207268209118233244e+02,2.458135195125235595e-01,2.603860378790739816e+01,-1.618885804092317073e+02,8.017481549020802900e-01,0.000000000000000000e+00,0.000000000000000000e+00,5.976613892006987783e-02,2.724679634498161987e-02,1.334259801695122150e+01,-2.687120068533982442e-02
7.888508491338370732e+02,6.070544144076936846e+02,3.327941347538609929e+00,3.936952385276204041e+02,1.212200154006730202e+02,1.443357110643318064e+00,2.578602196442168548e+01,-1.420818092309497338e+01,1.151673949600075852e+00,3.823086756469240299e+02,1.639949274713388263e+02,1.941688706022475230e+00,4.122901574363711319e+01,-2.968381017315192949e+01,-1.863646504853764707e+00,3.702537402593828801e+02,2.151634290886886731e+02,2.682096986867156807e-01,2.645338653762483716e+01,-1.750798495790078562e+02,7.732538693497336135e-01,0.000000000000000000e+00,0.000000000000000000e+00,4.178814047827827949e-02,2.765218331449629391e-02,1.334280427757047782e+01,-1.791129511763175919e-02
7.883764641393356669e+02,6.074146912940004768e+02,3.329311519135124353e+00,3.944761983279514084e+02,1.207317851925963055e+02,1.488042408330477295e+00,1.823527785657794098e+01,-1.622289133247326021e+01,1.220181086356356470e+00,3.836205295042136640e+02,1.629813023575681825e+02,1.873454401346711595e+00,3.853252079437839228e+01,-3.725703466860282731e+01,-2.129973996156942828e+00,3.712137613830362852e+02,2.091598298033927108e+02,2.902783457841516812e-01,2.689385095543231685e+01,-1.882615168307085298e+02,7.436337798506920116e-01,0.000000000000000000e+00,0.000000000000000000e+00,2.977923524585257553e-02,2.936429452049941352e-02,1.334344440544216681e+01,-1.191830496494180464e-02
7.880395235060764207e+02,6.076169621396848015e+02,3.330280760232272375e+00,3.950095114169841963e+02,1.201647247361370034e+02,1.534177104836895289e+00,1.180525197290141115e+01,-1.873399251895190787e+01,1.313954024957362021e+00,3.848587831979573934e+02,1.616643368459951375e+02,1.797349098383624888e+00,3.622073028628821589e+01,-4.684290616251297479e+01,-2.374080791319008288e+00,3.721793921534774086e+02,2.027164988814531910e+02,3.118438314731398209e-01,2.737312688350712619e+01,-2.014291732868004203e+02,7.121452232135602189e-01,0.000000000000000000e+00,0.000000000000000000e+00,2.175616337654950883e-02,3.195172853832031756e-02,1.334437845848275472e+01,-7.900662521917699299e-03
7.877931159712936733e+02,6.077173175176797031e+02,3.330990674755545999e+00,3.953295139022418425e+02,1.196519921603886303e+02,1.573391414363775942e+00,2.391085159360770845e-02,-4.653770716126813881e-04,-8.181518053697082408e-04,3.849046569161899924e+02,1.606206661970800553e+02,1.779409271308670659e+00,-2.391976887876014146e+01,5.095559971777241515e+00,1.119401194528625298e+00,3.731264383257101258e+02,1.990183157797619060e+02,2.616286210995691919e-01,2.923622077411333819e+01,-3.779838788738879884e+01,-3.174932833865319104e+00,0.000000000000000000e+00,0.000000000000000000e+00,1.624852184038516612e-02,3.546831244248910275e-02,1.334562949593108350e+01,-5.342640414739859706e-03
7.876070969064418250e+02,6.077520069393395943e+02,3.331532292150226393e+00,3.953291416995671170e+02,1.197358602512776855e+02,1.575337292770132347e+00,-2.308329120151898284e+00,1.710318423583344405e+00,1.149918248765501305e-01,3.843616335936928863e+02,1.605946161245420285e+02,1.775609168007285410e+00,-8.484869343690929711e+00,-7.120325998556415570e+00,-7.423162565241372413e-01,3.738899702228889055e+02,1.986685111244304380e+02,1.989083215465182186e-01,2.015487353151953442e+01,7.313691253788555668e-01,-7.423062284194239524e-01,0.000000000000000000e+00,0.000000000000000000e+00,1.230389958127631189e-02,0.000000000000000000e+00,1.333333333333333215e+01,-3.944622259108854223e-03
7.874661607839739190e+02,6.077350490606829680e+02,3.331942422136267901e+00,3.952943538716282887e+02,1.198183607384800098e+02,1.577928230305603030e+00,-2.328256546028117491e+00,1.720478134787668978e+00,1.157970723213064962e-01,3.841420297374693291e+02,1.604509947735479898e+02,1.750054895736541161e+00,-2.819543202094703993e+00,-4.114067667235024039e+00,-5.691073302562955627e-01,3.745201140226492384e+02,1.988540647969662132e+02,1.744766559078995694e-01,1.928105526688760563e+01,1.406251214494782520e+00,-5.691075297270602462e-01,0.000000000000000000e+00,0.000000000000000000e+00,9.676392636457364915e-03,0.000000000000000000e+00,1.333333333333333215e+01,-2.627506944818946977e-03
7.873552753496169316e+02,6.076837073597118888e+02,3.332264968557482110e+00,3.952391132101832909e+02,1.198964369764076849e+02,1.580792114057529174e+00,-2.673420716446877066e+00,1.965904579045164580e+00,1.327013088672379937e-01,3.841219390223729988e+02,1.603967763302204332e+02,1.731142360633803223e+00,3.004366662438879398e+00,-1.656322479504098277e+00,-3.974753702563202928e-01,3.751298031151867463e+02,1.990364710188888751e+02,1.564733981132103158e-01,1.850906183770585400e+01,1.941422038072252665e+00,-3.974817775395186326e-01,0.000000000000000000e+00,0.000000000000000000e+00,7.926967627724934573e-03,0.000000000000000000e+00,1.333333333333333215e+01,-1.749425008732430342e-03
7.872644068518382028e+02,6.076094802333872167e+02,3.332529200811738868e+00,3.952006505493382633e+02,1.199445327259451801e+02,1.582092522661442402e+00,-5.442519816943351962e-01,3.986303561024691633e-01,2.698543941792930570e-02,3.842512417920144117e+02,1.603831619380337372e+02,1.717063966906291705e+00,5.622049825363962583e+00,-1.376083515578101713e+00,-3.215528900597369177e-01,3.757262356128945839e+02,1.991962570282169622e+02,1.431313742402702260e-01,1.820450897128017331e+01,1.380184105431816022e+00,-3.215527955127843174e-01,0.000000000000000000e+00,0.000000000000000000e+00,6.762935651378754187e-03,0.000000000000000000e+00,1.333333333333333215e+01,-1.164031976346180386e-03
7.871868602701729287e+02,6.075200282753346528e+02,3.332754632000117567e+00,3.952266790543910133e+02,1.199414313993508330e+02,1.580302784323167842e+00,1.510510680375503956e+00,-1.110626460474921418e+00,-7.499441074582374744e-02,3.844685484571533038e+02,1.603732016183798237e+02,1.705802420363640826e+00,8.206049168594249821e+00,-1.074646427378262770e+00,-2.505275128443509858e-01,3.763183613666453766e+02,1.993213135501108013e+02,1.324663231523950102e-01,1.803275297813739897e+01,9.765906008770585123e-01,-2.505274478838678265e-01,0.000000000000000000e+00,0.000000000000000000e+00,5.989170786717679107e-03,0.000000000000000000e+00,1.333333333333333215e+01,-7.737648646610750802e-04
7.871181693693680472e+02,6.074204561356148133e+02,3.332954271026341342e+00,3.952964357815585572e+02,1.199038813145418914e+02,1.576507789927537484e+00,-6.187298666936427022e-02,1.364489914307081414e-03,2.162222183954732625e-03,3.847497882549964743e+02,1.603647708476360663e+02,1.696499458826780327e+00,6.282422638991819852e+00,-1.427745767186116899e+00,-3.082378306679491309e-01,3.769113218406097303e+02,1.994211086237356483e+02,1.236613171200577899e-01,1.839568048332793992e+01,9.969297571676092318e-01,-3.082428571001540329e-01,0.000000000000000000e+00,0.000000000000000000e+00,5.475589101742173170e-03,0.000000000000000000e+00,1.333333333333333215e+01,-5.135816849755059366e-04
7.870553551704030042e+02,6.073141657268955669e+02,3.333136790663065785e+00,3.953056604158542768e+02,1.199116480258524291e+02,1.576010982953795825e+00,-8.268344406964645964e-05,-4.557752586539125846e-06,2.962929788628983050e-06,3.849592284233926307e+02,1.603394788791383121e+02,1.685225972070823586e+00,6.436264178320996621e+00,-1.475002504016300175e+00,-3.112948670238946391e-01,3.775211098324646173e+02,1.995097815533801509e+02,1.127768765351699481e-01,1.869635231532311082e+01,8.477532747411403724e-01,-3.112715157795275522e-01,0.000000000000000000e+00,0.000000000000000000e+00,5.135467990369235736e-03,0.000000000000000000e+00,1.333333333333333215e+01,-3.401211113729374347e-04
7.869964308751615363e+02,6.072034243965910036e+02,3.333307972929412166e+00,3.953128564280131059e+02,1.199179374395785658e+02,1.575594156445525362e+00,-5.497551602685145215e-05,-2.193336723162347572e-06,1.977261192852247224e-06,3.851733604505240010e+02,1.603075461875991437e+02,1.673960778426224483e+00,6.568605024652282687e+00,-1.573864550640475146e+00,-3.185850134533889100e-01,3.781447381701397603e+02,1.995823183862580379e+02,1.018264306566273869e-01,1.914247151844525874e+01,6.717173248052684675e-01,-3.185850133707074372e-01,0.000000000000000000e+00,0.000000000000000000e+00,4.910992397073599136e-03,0.000000000000000000e+00,1.333333333333333215e+01,-2.244755932956365996e-04
7.869400714768319176e+02,6.070897434112314386e+02,3.333471672675981434e+00,3.953181227968341886e+02,1.199230352558796966e+02,1.575256149045991982e+00,-3.535129432025515297e-05,-8.550359141770814622e-07,1.266726637130493093e-06,3.853930892206537919e+02,1.602687881695784426e+02,1.662572857371924284e+00,6.749668744688860578e+00,-1.691049459417931722e+00,-3.283172440092275712e-01,3.787865475025624278e+02,1.996401614635541364e+02,9.069313518421623366e-02,1.973345322278171210e+01,4.832823132777914199e-01,-3.283172488562060010e-01,0.000000000000000000e+00,0.000000000000000000e+00,4.763618966894256346e-03,0.000000000000000000e+00,1.333333333333333215e+01,-1.473734301793427903e-04
7.868853933371443645e+02,6.069741301366010475e+02,3.333630459974877613e+00,3.953219132251104497e+02,1.199271682268703643e+02,1.574982025343808933e+00,-3.453777527788281067e-05,-8.074634358133328136e-07,1.238439108888500144e-06,3.856199271436985327e+02,1.602231221150343004e+02,1.650950343367977524e+00,6.980374200706597421e+00,-1.829127753439820259e+00,-3.405784648651105639e-01,3.794511053468938826e+02,1.996843858641587133e+02,7.927681677999960652e-02,2.047467994910924105e+01,2.762295516165843567e-01,-3.405784693373332672e-01,0.000000000000000000e+00,0.000000000000000000e+00,4.667652145240452910e-03,0.000000000000000000e+00,1.333333333333333215e+01,-9.596682165380343577e-05
7.868318071572612098e+02,6.068572560871999713e+02,3.333786048379719702e+00,3.953245795259585975e+02,1.199305197567646388e+02,1.574759687790398432e+00,-3.373802011843154622e-05,-5.538402108873759179e-07,1.206551416611595655e-06,3.858554496199145092e+02,1.601702824843164876e+02,1.638984041593444241e+00,7.262017052666339900e+00,-1.991098796310365904e+00,-3.554768805963714473e-01,3.801432434952506583e+02,1.997155594922580804e+02,6.747748736090344868e-02,2.137226367670153238e+01,4.306608094044696300e-02,-3.554769175895789446e-01,0.000000000000000000e+00,0.000000000000000000e+00,4.605961577759387637e-03,0.000000000000000000e+00,1.333333333333333215e+01,-6.169056748106527266e-05
7.868261783418805635e+02,6.067673926238619515e+02,3.333836500182886020e+00,3.953263946862937246e+02,1.199332382958106535e+02,1.574579323791167607e+00,-2.978746557418170349e-05,-4.497901797329108950e-07,1.067557573465383508e-06,3.861012982386714611e+02,1.601098188935396820e+02,1.626565602617189521e+00,7.596066792945222801e+00,-2.180463748093114162e+00,-3.731384991748779023e-01,3.808680661079611127e+02,1.997337522324668839e+02,5.519418630289252975e-02,2.243309703713025272e+01,-2.248509512626309936e-01,-3.731385044823545827e-01,0.000000000000000000e+00,0.000000000000000000e+00,4.516996111201265762e-03,-2.246202423279784810e+00,5.629795509685994181e-01,1.835348014277184137e-02
7.869024184617267110e+02,6.067053270492749562e+02,3.333695703523547049e+00,3.953275703631552460e+02,1.199354438043042705e+02,1.574432992738910686e+00,-2.527209881273553903e-05,-7.443731018517845508e-08,9.033154735786334132e-07,3.863591820313578751e+02,1.600410888767504218e+02,1.613585846582603844e+00,7.984135079764595133e+00,-2.401291574168014531e+00,-3.937076469226191144e-01,3.816309626848177459e+02,1.997385353065878633e+02,4.232392351189216695e-02,2.366487557750048154e+01,-5.375484948984096123e-01,-3.937076540562571836e-01,0.000000000000000000e+00,0.000000000000000000e+00,4.786541693144741316e-03,-2.250330083118646574e+00,5.643410869148879350e-01,1.864894120344809392e-02
7.869772452748848082e+02,6.066446247251011528e+02,3.333558254699716450e+00,3.953282708780586745e+02,1.199372335845131943e+02,1.574314248328450905e+00,-1.878199162085049097e-05,4.932630783133995497e-07,6.659932024479444455e-07,3.866308784570794614e+02,1.599632504930348489e+02,1.599933580684527845e+00,8.427964007269867608e+00,-2.658316616178009628e+00,-4.173487597500119550e-01,3.824376241966028260e+02,1.997289640617646569e+02,2.876031426577863037e-02,2.507607038509280173e+01,-9.067537565738804650e-01,-4.173487702530160881e-01,0.000000000000000000e+00,0.000000000000000000e+00,5.032891470913014587e-03,-2.241458383269963495e+00,5.624342122381809084e-01,1.884111595708844872e-02
7.870507836333679279e+02,6.065851651233558641e+02,3.333423858866125578e+00,3.953286240507422349e+02,1.199386863779915444e+02,1.574217868402280285e+00,-9.712903599548478219e-06,1.319995996042791835e-06,3.328991863058799374e-07,3.869182340665964261e+02,1.598752461300912557e+02,1.585494191524331242e+00,8.929358344419442872e+00,-2.957049791341794354e+00,-4.442475721525522836e-01,3.832940603932495378e+02,1.997035452419821979e+02,1.439270761273184207e-02,2.667588244109700568e+01,-1.346242176858500672e+00,-4.442475882493192030e-01,0.000000000000000000e+00,0.000000000000000000e+00,5.258060186648094714e-03,-2.233427908959224606e+00,5.607290059927850789e-01,1.901727806180748825e-02
7.871231475197760119e+02,6.065268381559835689e+02,3.333292246783798429e+00,3.953360997100611485e+02,1.199403248813377303e+02,1.573945694238778836e+00,2.007861994155371848e-03,2.612043941316729428e-02,-4.808575659477345391e-04,3.871881363049049583e+02,1.598749074747973395e+02,1.572492200815899688e+00,5.353210852086498051e+00,3.925420136946754290e+00,-2.589532458398116632e-01,3.841468302979335476e+02,1.997521734818217851e+02,1.452223763675085724e-03,2.215916788943511406e+01,4.723938937334430932e+00,-2.589612681737586408e-01,0.000000000000000000e+00,0.000000000000000000e+00,5.463887569119307841e-03,-2.226165581676402105e+00,5.592081541520931287e-01,1.917881856955807457e-02
7.871944409949105648e+02,6.064695432715475363e+02,3.333163172595778434e+00,3.953360537029474813e+02,1.199411538417408138e+02,1.573903824592265410e+00,2.367500182543957790e-04,-7.438242494603436840e-05,-1.112261348312916482e-05,3.873262157505931782e+02,1.599775781915164430e+02,1.565680401372828490e+00,2.453350922978819959e+00,1.819880724694662222e+00,-1.221755463998049351e-01,3.848345282962062583e+02,1.998770740432920832e+02,-5.313375301378592611e-03,1.834866258689539364e+01,2.067925236030758729e+00,-1.221752712195164209e-01,0.000000000000000000e+00,0.000000000000000000e+00,5.652053536779888532e-03,-2.219604676227164397e+00,5.578558242286051350e-01,1.932700769481784236e-02
7.872647590625779230e+02,6.064131886298732752e+02,3.333036411796063803e+00,3.953360637957172230e+02,1.199416637265112939e+02,1.573869649627312350e+00,1.319369326003113263e-04,-4.197599048220198442e-05,-6.228956433550721160e-06,3.873715337464372510e+02,1.600107861981861390e+02,1.563467231763278731e+00,-2.589958280510062383e-01,-1.916300247233022336e-01,1.289311140146817691e-02,3.853950107913153147e+02,1.999153697279020037e+02,-7.489026784176285728e-03,1.449546922831240892e+01,-3.290220432852425381e-01,1.289324924037822152e-02,0.000000000000000000e+00,0.000000000000000000e+00,5.824092080342069266e-03,-2.213684268082872553e+00,5.566575398138184916e-01,1.946300531200315098e-02
7.873341884588498942e+02,6.063576903479515749e+02,3.332911759374970639e+00,3.953360728677627094e+02,1.199420762722241420e+02,1.573841937760895870e+00,1.473594770031006298e-04,-4.724450489513108535e-05,-6.976312554176248106e-06,3.873279754841810245e+02,1.599782734356986964e+02,1.565668618290751990e+00,-2.848949952945741604e+00,-2.114348053103123792e+00,1.419190332781250785e-01,3.858257100002377342e+02,1.998773921756040295e+02,-5.257249053385487300e-03,1.053048037778635937e+01,-2.425188894762179359e+00,1.419191648655540872e-01,0.000000000000000000e+00,0.000000000000000000e+00,5.981403939712137685e-03,-2.208348728845762832e+00,5.556000655201664973e-01,1.958787054121413629e-02
7.874028083724051612e+02,6.063029718109837631e+02,3.332789028125609399e+00,3.953360817238684604e+02,1.199424098035867701e+02,1.573819439230110362e+00,-4.476808562617188847e-01,3.392076323038090147e-02,2.151407716208936574e-02,3.872001109115057034e+02,1.598826382738984648e+02,1.572078224790252055e+00,-1.346517218979479402e+00,-5.705988521585608764e-02,2.907726023763482562e-02,3.861221689913229511e+02,1.997732501300705508e+02,1.176973979023698694e-03,4.899289724410709645e+00,-7.536007459183477475e-02,2.938508184009905669e-02,0.000000000000000000e+00,0.000000000000000000e+00,6.125268179699716597e-03,-2.203547265626666807e+00,5.546713014985895640e-01,1.970257050116570874e-02
7.874706911019927702e+02,6.062489630429624867e+02,3.332668047097473440e+00,3.953364094860956470e+02,1.199427966678343296e+02,1.573811475231510437e+00,-3.205068609741615338e-02,1.634101472617124906e-04,1.528635358481327281e-03,3.871994607167085860e+02,1.598832851043957817e+02,1.572072201000611846e+00,-9.850268507488606218e-02,-8.777739716134557585e-03,2.117566604157590255e-03,3.862201942717301790e+02,1.997755599832695736e+02,1.191593404274829664e-03,5.554035256076870347e-02,-1.039092415507980940e-02,2.130722612434903830e-03,0.000000000000000000e+00,9.944613981323135476e+01,6.256852760113673639e-03,-2.199233500517290718e+00,1.000000000000000000e+02,1.980798830167978392e-02
7.873989368172511831e+02,6.094677634718958643e+02,3.332876608856143452e+00,3.953339767929173831e+02,1.199431641712669148e+02,1.573928812603458294e+00,-1.562969976912908718e-02,3.949407344894927986e-03,9.316012749198464369e-04,3.871907997201809053e+02,1.598831132268080069e+02,1.572282809807971748e+00,-5.965758187285380432e-02,-1.589003037922340038e-04,1.756198436108496368e-03,3.862039121670530335e+02,1.997764585975349974e+02,1.420704580335782749e-03,-1.301385628112911863e-01,-1.440271942843756540e-03,1.774259672519842585e-03,0.000000000000000000e+00,1.861128064798979835e+02,-2.176052737334899234e-02,0.000000000000000000e+00,9.999999999999998579e+01,-2.801738013346266598e-02
7.876484155299497161e+02,6.152095154473854564e+02,3.332151257943698486e+00,3.953348313003043586e+02,1.199435398337964784e+02,1.573859301709191971e+00,1.886037333760232082e-02,2.265388770785548359e-04,-1.061463211403405969e-03,3.871937812178858849e+02,1.598839164809907345e+02,1.572183517685563192e+00,6.700419492048310943e-02,5.702618411752882234e-03,-1.768461688971422916e-03,3.862100139178045879e+02,1.997783406858413855e+02,1.332992728078492535e-03,1.380643365427096647e-01,7.135836093172288029e-03,-1.790188958066387575e-03,0.000000000000000000e+00,2.727794731465646692e+02,-6.242234133991608758e-02,0.000000000000000000e+00,9.999999999999997158e+01,-4.066181396656709524e-02
7.883629264410046744e+02,6.233080388937393082e+02,3.330070513232368246e+00,3.953346588821156615e+02,1.199437534499512168e+02,1.573855153163632448e+00,-1.216627578122284926e-02,-1.461606820580274579e-04,6.847194191314802565e-04,3.871931496780537714e+02,1.598841925300094431e+02,1.572186299848391311e+00,-4.322276979021064114e-02,-3.678893612528280187e-03,1.140809065274267769e-03,3.862087170599135106e+02,1.997794238747126769e+02,1.346300923748927104e-03,-8.906283252043542542e-02,-4.604171198616491961e-03,1.154827957064857033e-03,0.000000000000000000e+00,3.594461398132312411e+02,-1.082540546888210997e-01,0.000000000000000000e+00,1.000000000000000000e+02,-4.583171334890501214e-02
7.895980127055033790e+02,6.336925539656001547e+02,3.326462044742741764e+00,3.953346449287669770e+02,1.199439528904771493e+02,1.573843092382045228e+00,6.362434786702693586e-03,7.644818655759251860e-05,-3.580788739267815914e-04,3.871930837047977434e+02,1.598844921657275506e+02,1.572175168624901698e+00,2.260380181168696045e-02,1.923878514216173291e-03,-5.966064320681119335e-04,3.862085850244827157e+02,1.997803873778996717e+02,1.343483527557102737e-03,4.657676793188862685e-02,2.407790792578801999e-03,-6.039393307421791470e-04,0.000000000000000000e+00,4.461128064798978130e+02,-1.533959233467285799e-01,0.000000000000000000e+00,1.000000000000000000e+02,-4.514186865790748016e-02
7.913393416160786273e+02,6.463665219319032076e+02,3.321348847297851403e+00,3.953346976171739584e+02,1.199441067248840511e+02,1.573830274362387538e+00,-2.872276611667530857e-03,-3.451917481671785016e-05,1.616527380691992939e-04,3.871932580143787845e+02,1.598847412804643966e+02,1.572160694491388400e+00,-1.020440965905827953e-02,-8.684842120152596115e-04,2.693395076479536258e-04,3.862089472673922614e+02,1.997811788903991044e+02,1.335691064053015024e-03,-2.102710005134111187e-02,-1.086890418342804920e-03,2.726504805141490733e-04,0.000000000000000000e+00,5.327794731465644418e+02,-1.936363742080882133e-01,0.000000000000000000e+00,1.000000000000000568e+02,-4.024045086135963345e-02
7.935226976482815644e+02,6.613871475022059485e+02,3.314894301490916018e+00,3.953346625840221122e+02,1.199442332089739409e+02,1.573824081279534104e+00,1.127007815660587432e-03,1.354473905475634928e-05,-6.342826739550607687e-05,3.871931230326943592e+02,1.598849238654190970e+02,1.572156076345829323e+00,4.003959401400462859e-03,3.407722422224966543e-04,-1.056828738020370835e-04,3.862086716444190415e+02,1.997817949588957731e+02,1.336566204954182718e-03,8.250553972115853840e-03,4.264831343922459916e-04,-1.069821814596390492e-04,0.000000000000000000e+00,6.194461398132312979e+02,-2.263608509791126266e-01,0.000000000000000000e+00,1.000000000000000000e+02,-3.272447677102441332e-02
7.960540202830833323e+02,6.788460778216715426e+02,3.307348939791612263e+00,3.953346859378431759e+02,1.199443361835449906e+02,1.573816159597907438e+00,-3.671115879212470483e-04,-4.413477860406477471e-06,2.066128781609895772e-05,3.871931975065376719e+02,1.598850872534801510e+02,1.572147490573000850e+00,-1.304262705581230855e-03,-1.110018120384374178e-04,3.442597951196726703e-05,3.862088271458183613e+02,1.997823133909682269e+02,1.332369810082752962e-03,-2.687585056040915979e-03,-1.389185098751762873e-04,3.484927794587207902e-05,0.000000000000000000e+00,7.061128064798981541e+02,-2.503672800438039303e-01,0.000000000000000000e+00,1.000000000000000000e+02,-2.400642906469130367e-02
7.988272443621942784e+02,6.988523779601628121e+02,3.299003363790151688e+00,3.953346773149575597e+02,1.199444192458125684e+02,1.573811293787561905e+00,8.282439864896116424e-05,9.950888427793245020e-07,-4.661313374495500058e-06,3.871931600033238965e+02,1.598852112489166188e+02,1.572143119269063805e+00,2.942517331312648286e-04,2.504221648046399553e-05,-7.766641991327388251e-06,3.862087515196620302e+02,1.997827228695748261e+02,1.331585044164699388e-03,6.063353255293910419e-04,3.134062626897399158e-05,-7.862141706689548305e-06,0.000000000000000000e+00,7.927794731465650102e+02,-2.655749930755657573e-01,0.000000000000000000e+00,1.000000000000000000e+02,-1.520771303176182698e-02
8.017382250593559547e+02,7.215187369425178758e+02,3.290150864020966459e+00,3.953346822147176454e+02,1.199444746592512416e+02,1.573807455926724330e+00,1.416655338199616161e-04,1.702598056475990325e-06,-7.972934513128155745e-06,3.871931728606220986e+02,1.598852969991091868e+02,1.572139211257949309e+00,5.033021317501093711e-04,4.283339875585640661e-05,-1.328459297343348485e-05,3.862087791119693065e+02,1.997829982359514247e+02,1.330035472249733704e-03,1.037111637322012721e-03,5.360633586613120015e-05,-1.344795332587023130e-05,0.000000000000000000e+00,0.000000000000000000e+00,-2.726884675176588502e-01,0.000000000000000000e+00,-7.794461398132318664e+02,-7.113474442093092875e-03
8.046940629166301733e+02,7.176365080492172410e+02,3.281061248437044942e+00,3.953346822147176454e+02,1.199444746592512416e+02,1.573807455926724330e+00,1.416655338199616161e-04,1.702598056475990325e-06,-7.972934513128155745e-06,3.871931728606220986e+02,1.598852969991091868e+02,1.572139211257949309e+00,5.033021317501093711e-04,4.283339875585640661e-05,-1.328459297343348485e-05,3.862087791119693065e+02,1.997829982359514247e+02,1.330035472249733704e-03,1.037111637322012721e-03,5.360633586613120015e-05,-1.344795332587023130e-05,0.000000000000000000e+00,0.000000000000000000e+00,-1.811913718200042211e-01,0.000000000000000000e+00,1.333333333333333215e+01,9.149709569765462902e-02
8.066394350582863808e+02,7.149824683851778673e+02,3.275021536043045689e+00,3.953346822147176454e+02,1.199444746592512416e+02,1.573807455926724330e+00,1.416655338199616161e-04,1.702598056475990325e-06,-7.972934513128155745e-06,3.871931728606220986e+02,1.598852969991091868e+02,1.572139211257949309e+00,5.033021317501093711e-04,4.283339875585640661e-05,-1.328459297343348485e-05,3.862087791119693065e+02,1.997829982359514247e+02,1.330035472249733704e-03,1.037111637322012721e-03,5.360633586613120015e-05,-1.344795332587023130e-05,0.000000000000000000e+00,0.000000000000000000e+00,-1.201927151736725818e-01,0.000000000000000000e+00,1.333333333333333215e+01,6.099865664633163931e-02
8.079216252791263742e+02,7.131556075259035197e+02,3.271015112203923270e+00,3.953346822147176454e+02,1.199444746592512416e+02,1.573807455926724330e+00,1.416655338199616161e-04,1.702598056475990325e-06,-7.972934513128155745e-06,3.871931728606220986e+02,1.598852969991091868e+02,1.572139211257949309e+00,5.033021317501093711e-04,4.283339875585640661e-05,-1.328459297343348485e-05,3.862087791119693065e+02,1.997829982359514247e+02,1.330035472249733704e-03,1.037111637322012721e-03,5.360633586613120015e-05,-1.344795332587023130e-05,0.000000000000000000e+00,0.000000000000000000e+00,-7.952635035482380488e-02,0.000000000000000000e+00,1.333333333333333215e+01,4.066636481884877696e-02
8.087663590456846805e+02,7.118838841077720190e+02,3.268364233858762624e+00,3.953346822147176454e+02,1.199444746592512416e+02,1.573807455926724330e+00,1.416655338199616161e-04,1.702598056475990325e-06,-7.972934513128155745e-06,3.871931728606220986e+02,1.598852969991091868e+02,1.572139211257949309e+00,5.033021317501093711e-04,4.283339875585640661e-05,-1.328459297343348485e-05,3.862087791119693065e+02,1.997829982359514247e+02,1.330035472249733704e-03,1.037111637322012721e-03,5.360633586613120015e-05,-1.344795332587023130e-05,0.000000000000000000e+00,0.000000000000000000e+00,-5.241484587923395111e-02,0.000000000000000000e+00,1.333333333333333215e+01,2.711150447558985377e-02
8.093215259904607137e+02,7.109838774362448248e+02,3.266617072329454086e+00,3.953346822147176454e+02,1.199444746592512416e+02,1.573807455926724330e+00,1.416655338199616161e-04,1.702598056475990325e-06,-7.972934513128155745e-06,3.871931728606220986e+02,1.598852969991091868e+02,1.572139211257949309e+00,5.033021317501093711e-04,4.283339875585640661e-05,-1.328459297343348485e-05,3.862087791119693065e+02,1.997829982359514247e+02,1.330035472249733704e-03,1.037111637322012721e-03,5.360633586613120015e-05,-1.344795332587023130e-05,0.000000000000000000e+00,0.000000000000000000e+00,-3.433991408901881925e-02,0.000000000000000000e+00,1.333333333333333215e+01,1.807493179021513185e-02
8.096845625663113424e+02,7.103324014332636125e+02,3.265472408526486348e+00,3.953346822147176454e+02,1.199444746592512416e+02,1.573807455926724330e+00,1.416655338199616161e-04,1.702598056475990325e-06,-7.972934513128155745e-06,3.871931728606220986e+02,1.598852969991091868e+02,1.572139211257949309e+00,5.033021317501093711e-04,4.283339875585640661e-05,-1.328459297343348485e-05,3.862087791119693065e+02,1.997829982359514247e+02,1.330035472249733704e-03,1.037111637322012721e-03,5.360633586613120015e-05,-1.344795332587023130e-05,0.000000000000000000e+00,0.000000000000000000e+00,-2.228936321055030589e-02,0.000000000000000000e+00,1.333333333333333215e+01,1.205055087846851336e-02
8.099199121789195033e+02,7.098469331743601742e+02,3.264729429752801781e+00,3.953346822147176454e+02,1.199444746592512416e+02,1.573807455926724330e+00,1.416655338199616161e-04,1.702598056475990325e-06,-7.972934513128155745e-06,3.871931728606220986e+02,1.598852969991091868e+02,1.572139211257949309e+00,5.033021317501093711e-04,4.283339875585640661e-05,-1.328459297343348485e-05,3.862087791119693065e+02,1.997829982359514247e+02,1.330035472249733704e-03,1.037111637322012721e-03,5.360633586613120015e-05,-1.344795332587023130e-05,0.000000000000000000e+00,0.000000000000000000e+00,-1.425506539302290321e-02,0.000000000000000000e+00,1.333333333333333215e+01,8.034297817527402685e-03
8.100703091203620261e+02,7.094722816442825888e+02,3.264254260906367389e+00,3.953346822147176454e+02,1.199444746592512416e+02,1.573807455926724330e+00,1.416655338199616161e-04,1.702598056475990325e-06,-7.972934513128155745e-06,3.871931728606220986e+02,1.598852969991091868e+02,1.572139211257949309e+00,5.033021317501093711e-04,4.283339875585640661e-05,-1.328459297343348485e-05,3.862087791119693065e+02,1.997829982359514247e+02,1.330035472249733704e-03,1.037111637322012721e-03,5.360633586613120015e-05,-1.344795332587023130e-05,0.000000000000000000e+00,0.000000000000000000e+00,-8.898268734176539851e-03,0.000000000000000000e+00,1.333333333333333215e+01,5.356796658846363357e-03
8.101641421726162662e+02,7.091715755031168555e+02,3.263957651948561356e+00,3.953346822147176454e+02,1.199444746592512416e+02,1.573807455926724330e+00,1.416655338199616161e-04,1.702598056475990325e-06,-7.972934513128155745e-06,3.871931728606220986e+02,1.598852969991091868e+02,1.572139211257949309e+00,5.033021317501093711e-04,4.283339875585640661e-05,-1.328459297343348485e-05,3.862087791119693065e+02,1.997829982359514247e+02,1.330035472249733704e-03,1.037111637322012721e-03,5.360633586613120015e-05,-1.344795332587023130e-05,0.000000000000000000e+00,0.000000000000000000e+00,-5.326471964091084033e-03,0.000000000000000000e+00,1.333333333333333215e+01,3.571796770085455819e-03
8.102202928566321134e+02,7.089201999305587378e+02,3.263780102883091505e+00,3.953346822147176454e+02,1.199444746592512416e+02,1.573807455926724330e+00,1.416655338199616161e-04,1.702598056475990325e-06,-7.972934513128155745e-06,3.871931728606220986e+02,1.598852969991091868e+02,1.572139211257949309e+00,5.033021317501093711e-04,4.283339875585640661e-05,-1.328459297343348485e-05,3.862087791119693065e+02,1.997829982359514247e+02,1.330035472249733704e-03,1.037111637322012721e-03,5.360633586613120015e-05,-1.344795332587023130e-05,0.000000000000000000e+00,0.000000000000000000e+00,-2.944674234441890803e-03,0.000000000000000000e+00,1.333333333333333215e+01,2.381797729649193229e-03
8.102513294595789830e+02,7.087017302420982787e+02,3.263681947075276479e+00,3.953346822147176454e+02,1.199444746592512416e+02,1.573807455926724330e+00,1.416655338199616161e-04,1.702598056475990325e-06,-7.972934513128155745e-06,3.871931728606220986e+02,1.598852969991091868e+02,1.572139211257949309e+00,5.033021317501093711e-04,4.283339875585640661e-05,-1.328459297343348485e-05,3.862087791119693065e+02,1.997829982359514247e+02,1.330035472249733704e-03,1.037111637322012721e-03,5.360633586613120015e-05,-1.344795332587023130e-05,0.000000000000000000e+00,0.000000000000000000e+00,-1.356208311271700495e-03,0.000000000000000000e+00,1.333333333333333215e+01,1.588465923170190308e-03
8.102656224304018906e+02,7.085052102469579722e+02,3.263636740131568015e+00,3.953346822147176454e+02,1.199444746592512416e+02,1.573807455926724330e+00,1.416655338199616161e-04,1.702598056475990325e-06,-7.972934513128155745e-06,3.871931728606220986e+02,1.598852969991091868e+02,1.572139211257949309e+00,5.033021317501093711e-04,4.283339875585640661e-05,-1.328459297343348485e-05,3.862087791119693065e+02,1.997829982359514247e+02,1.330035472249733704e-03,1.037111637322012721e-03,5.360633586613120015e-05,-1.344795332587023130e-05,0.000000000000000000e+00,0.000000000000000000e+00,-2.966293702044708880e-04,0.000000000000000000e+00,1.333333333333333215e+01,1.059578941067229607e-03
8.102687484706627856e+02,7.083233330923534368e+02,3.263626852485894680e+00,3.953346822147176454e+02,1.199444746592512416e+02,1.573807455926724330e+00,1.416655338199616161e-04,1.702598056475990325e-06,-7.972934513128155745e-06,3.871931728606220986e+02,1.598852969991091868e+02,1.572139211257949309e+00,5.033021317501093711e-04,4.283339875585640661e-05,-1.328459297343348485e-05,3.862087791119693065e+02,1.997829982359514247e+02,1.330035472249733704e-03,1.037111637322012721e-03,5.360633586613120015e-05,-1.344795332587023130e-05,0.000000000000000000e+00,0.000000000000000000e+00,4.103591401261041938e-04,0.000000000000000000e+00,1.333333333333333215e+01,7.069885103305750818e-04
8.102644238740077753e+02,7.081512264128793959e+02,3.263640531123899180e+00,3.953346822147176454e+02,1.199444746592512416e+02,1.573807455926724330e+00,1.416655338199616161e-04,1.702598056475990325e-06,-7.972934513128155745e-06,3.871931728606220986e+02,1.598852969991091868e+02,1.572139211257949309e+00,5.033021317501093711e-04,4.283339875585640661e-05,-1.328459297343348485e-05,3.862087791119693065e+02,1.997829982359514247e+02,1.330035472249733704e-03,1.037111637322012721e-03,5.360633586613120015e-05,-1.344795332587023130e-05,0.000000000000000000e+00,0.000000000000000000e+00,8.822882556636102436e-04,0.000000000000000000e+00,1.333333333333333215e+01,4.719291155375060498e-04
8.102551255587957257e+02,7.079856415186925460e+02,3.263669940732421004e+00,3.953346822147176454e+02,1.199444746592512416e+02,1.573807455926724330e+00,1.416655338199616161e-04,1.702598056475990325e-06,-7.972934513128155745e-06,3.871931728606220986e+02,1.598852969991091868e+02,1.572139211257949309e+00,5.033021317501093711e-04,4.283339875585640661e-05,-1.328459297343348485e-05,3.862087791119693065e+02,1.997829982359514247e+02,1.330035472249733704e-03,1.037111637322012721e-03,5.360633586613120015e-05,-1.344795332587023130e-05,0.000000000000000000e+00,0.000000000000000000e+00,1.197512002146794430e-03,0.000000000000000000e+00,1.333333333333333215e+01,3.152237464831841862e-04
8.102425045700072133e+02,7.078244124576949616e+02,3.263709857799159675e+00,3.953346822147176454e+02,1.199444746592512416e+02,1.573807455926724330e+00,1.416655338199616161e-04,1.702598056475990325e-06,-7.972934513128155745e-06,3.871931728606220986e+02,1.598852969991091868e+02,1.572139211257949309e+00,5.033021317501093711e-04,4.283339875585640661e-05,-1.328459297343348485e-05,3.862087791119693065e+02,1.997829982359514247e+02,1.330035472249733704e-03,1.037111637322012721e-03,5.360633586613120015e-05,-1.344795332587023130e-05,0.000000000000000000e+00,0.000000000000000000e+00,1.408266398481572423e-03,0.000000000000000000e+00,1.333333333333333215e+01,2.107543963347779936e-04
8.102276615233358825e+02,7.076660952196102699e+02,3.263756800012442838e+00,3.953346822147176454e+02,1.199444746592512416e+02,1.573807455926724330e+00,1.416655338199616161e-04,1.702598056475990325e-06,-7.972934513128155745e-06,3.871931728606220986e+02,1.598852969991091868e+02,1.572139211257949309e+00,5.033021317501093711e-04,4.283339875585640661e-05,-1.328459297343348485e-05,3.862087791119693065e+02,1.997829982359514247e+02,1.330035472249733704e-03,1.037111637322012721e-03,5.360633586613120015e-05,-1.344795332587023130e-05,0.000000000000000000e+00,0.000000000000000000e+00,1.549375459068969008e-03,0.000000000000000000e+00,1.333333333333333215e+01,1.411090605873965842e-04
8.102113301399099328e+02,7.075097271331937918e+02,3.263808445861078322e+00,3.953346822147176454e+02,1.199444746592512416e+02,1.573807455926724330e+00,1.416655338199616161e-04,1.702598056475990325e-06,-7.972934513128155745e-06,3.871931728606220986e+02,1.598852969991091868e+02,1.572139211257949309e+00,5.033021317501093711e-04,4.283339875585640661e-05,-1.328459297343348485e-05,3.862087791119693065e+02,1.997829982359514247e+02,1.330035472249733704e-03,1.037111637322012721e-03,5.360633586613120015e-05,-1.344795332587023130e-05,0.000000000000000000e+00,0.000000000000000000e+00,1.644055195235694100e-03,0.000000000000000000e+00,1.333333333333333215e+01,9.467973616672509252e-05
8.101939995639139624e+02,7.073546664347470596e+02,3.263863247700919956e+00,3.953346822147176454e+02,1.199444746592512416e+02,1.573807455926724330e+00,1.416655338199616161e-04,1.702598056475990325e-06,-7.972934513128155745e-06,3.871931728606220986e+02,1.598852969991091868e+02,1.572139211257949309e+00,5.033021317501093711e-04,4.283339875585640661e-05,-1.328459297343348485e-05,3.862087791119693065e+02,1.997829982359514247e+02,1.330035472249733704e-03,1.037111637322012721e-03,5.360633586613120015e-05,-1.344795332587023130e-05,0.000000000000000000e+00,0.000000000000000000e+00,1.707782949669223171e-03,0.000000000000000000e+00,1.333333333333333215e+01,6.372775443352907132e-05
8.101759958925516685e+02,7.072004853022644966e+02,3.263920173799241820e+00,3.953346822147176454e+02,1.199444746592512416e+02,1.573807455926724330e+00,1.416655338199616161e-04,1.702598056475990325e-06,-7.972934513128155745e-06,3.871931728606220986e+02,1.598852969991091868e+02,1.572139211257949309e+00,5.033021317501093711e-04,4.283339875585640661e-05,-1.328459297343348485e-05,3.862087791119693065e+02,1.997829982359514247e+02,1.330035472249733704e-03,1.037111637322012721e-03,5.360633586613120015e-05,-1.344795332587023130e-05,0.000000000000000000e+00,0.000000000000000000e+00,1.750876952577584689e-03,0.000000000000000000e+00,1.333333333333333215e+01,4.309400290836151726e-05
8.101575365240653355e+02,7.070468985408379012e+02,3.263978536364326999e+00,3.953346822147176454e+02,1.199444746592512416e+02,1.573807455926724330e+00,1.416655338199616161e-04,1.702598056475990325e-06,-7.972934513128155745e-06,3.871931728606220986e+02,1.598852969991091868e+02,1.572139211257949309e+00,5.033021317501093711e-04,4.283339875585640661e-05,-1.328459297343348485e-05,3.862087791119693065e+02,1.997829982359514247e+02,1.330035472249733704e-03,1.037111637322012721e-03,5.360633586613120015e-05,-1.344795332587023130e-05,0.000000000000000000e+00,0.000000000000000000e+00,1.780216025899505894e-03,0.000000000000000000e+00,1.333333333333333215e+01,2.933907332192120521e-05
