9.008571566488153621e+02,5.151677847016358101e+02,3.138264977118954135e+00,4.100000000000000000e+02,1.248140266569655523e+02,-3.488243360956568185e-05,0.000000000000000000e+00,-1.359999999999999787e+01,0.000000000000000000e+00,4.500000000000000000e+02,1.248135928932000240e+02,-1.097264389939707961e-05,0.000000000000000000e+00,-1.359999999999999787e+01,0.000000000000000000e+00,4.899990378881807942e+02,1.248134335523671012e+02,-3.571875664323661745e-05,0.000000000000000000e+00,-1.359999999999999787e+01,0.000000000000000000e+00,0.000000000000000000e+00,0.000000000000000000e+00,-9.983029412518711065e-02
9.014258213700618398e+02,5.141669490125016182e+02,3.136046526138394075e+00,4.100000000000000000e+02,1.241829155458544420e+02,-3.488243360956568185e-05,0.000000000000000000e+00,-2.693333333333333712e+01,0.000000000000000000e+00,4.500000000000000000e+02,1.241824817820889137e+02,-1.097264389939707961e-05,0.000000000000000000e+00,-2.693333333333333712e+01,0.000000000000000000e+00,4.899990378881807942e+02,1.241823224412559910e+02,-3.571875664323661745e-05,0.000000000000000000e+00,-2.693333333333333712e+01,0.000000000000000000e+00,0.000000000000000000e+00,0.000000000000000000e+00,-6.655352941679730516e-02
9.018036970774005567e+02,5.134990254204628854e+02,3.134567558818019961e+00,4.100000000000000000e+02,1.231073599902988889e+02,-3.488243360956568185e-05,0.000000000000000000e+00,-4.026666666666666572e+01,0.000000000000000000e+00,4.500000000000000000e+02,1.231069262265333606e+02,-1.097264389939707961e-05,0.000000000000000000e+00,-4.026666666666666572e+01,0.000000000000000000e+00,4.899990378881807942e+02,1.231067668857004378e+02,-3.571875664323661745e-05,0.000000000000000000e+00,-4.026666666666666572e+01,0.000000000000000000e+00,0.000000000000000000e+00,0.000000000000000000e+00,-4.436901961119223831e-02
8.983202422799500937e+02,5.140275275470100951e+02,3.135744241792141729e+00,4.092743068676245457e+02,1.213276278327446391e+02,1.558621677002847844e-02,-5.929575635998619276e+01,-7.498646899039414393e+01,7.050042181472625513e-01,4.491766151574860828e+02,1.215063478876904099e+02,8.164869959511728698e-03,-5.969736274285845923e+01,-6.052978355997812088e+01,7.313403729563361377e-01,4.892915102854995553e+02,1.219713396786685706e+02,1.850829171552439978e-02,-5.291059756616346732e+01,-2.128681810201401348e+01,1.218583985047974938e+00,-8.853975222206614148e+01,-2.664619565075762031e-01,1.358760432568030252e-01
8.897128591069945287e+02,5.189086981720080303e+02,3.146532447242898822e+00,4.057001460882921151e+02,1.203441628714108305e+02,4.107310076582702807e-02,-1.138052299107900183e+02,7.129849609849761904e+00,5.033029868810580121e-01,4.457494334729652223e+02,1.205190229990734139e+02,4.152803578166810311e-02,-1.045000357270502036e+02,1.394739184141350208e+01,9.852111788452763141e-01,4.860041551691662107e+02,1.218016884559497015e+02,6.242234682355343733e-02,-1.056719286768379078e+02,4.527083412175686661e+00,8.517383152186933648e-01,-1.690701058188824391e+02,7.251978991769628680e-01,4.072140544513981886e-01
8.767286701573332266e+02,5.264845705265114475e+02,3.163449286332861377e+00,4.002071966214534200e+02,1.209756841238878025e+02,7.686658982545553631e-02,-1.770394969261576534e+02,1.118366429575510068e+01,7.944491788509989716e-01,4.402248119604175258e+02,1.209442992532713532e+02,7.029882805378920296e-02,-1.725557439835330626e+02,1.139427377341661085e+01,8.403997123700672756e-01,4.803727408421765404e+02,1.225160603722710704e+02,8.368241814690312308e-02,-1.808061586042978206e+02,2.289250709349723678e+01,2.651007369197828645e-01,-2.524818428541364312e+02,7.200074547050018259e-01,5.548449541061380996e-01
8.585953981092714002e+02,5.374932619374196747e+02,3.188269722614609503e+00,3.929253764582077793e+02,1.212766285265585395e+02,9.764717642940384801e-02,-2.334551198346630656e+02,5.524544454181844699e+00,4.257292747164054814e-01,4.327817198366225853e+02,1.218135391901385844e+02,1.108341873186936971e-01,-2.334920125490858993e+02,2.053671109127740380e+01,4.257225062895607648e-01,4.726866677215595587e+02,1.237528443548094259e+02,1.056633735193093504e-01,-2.339566435954343149e+02,3.816083829921826975e+01,4.544308777686419387e-01,-3.372333359205400711e+02,2.552693147727212786e+00,7.980764000070124098e-01
8.345348793241394105e+02,5.523884065320733043e+02,3.222688020261373243e+00,3.834105681369248941e+02,1.215731290484844607e+02,1.214641115672839555e-01,-2.876787437052546466e+02,5.818051947430447512e+00,4.667169862399357938e-01,4.233601016748223742e+02,1.226476252419407587e+02,1.343126223891539794e-01,-2.879173104638790619e+02,2.230937978972616165e+01,4.667158454923591715e-01,4.633449952705133228e+02,1.254414602243325874e+02,1.394943111459508167e-01,-2.847497808742658094e+02,4.912444860768273003e+01,8.375008715734832965e-01,-4.244646192232535213e+02,3.009105499834601946e-02,1.060849898292163473e+00
8.036465290656994966e+02,5.722637664552964907e+02,3.268677802347880412e+00,3.722188126436171842e+02,1.219008023424541420e+02,1.482351293027435735e-01,-3.351188043112189803e+02,6.708930225977206341e+00,5.646467157318187935e-01,4.122475784036249138e+02,1.236071045665509587e+02,1.609503763404506183e-01,-3.356833311499983097e+02,2.663957719375817845e+01,5.646467162845252297e-01,4.524482163096869272e+02,1.276548623917025083e+02,1.883632702213048904e-01,-3.296300809605402264e+02,6.643214269971294073e+01,1.324041864441218852e+00,-4.817071915634909942e+02,7.758627938639021693e+01,1.485623968642277637e+00
7.672827102836242830e+02,5.969169853836099264e+02,3.323816299457500900e+00,3.608459723041038387e+02,1.221708971194528033e+02,1.713770286294332423e-01,-3.322510579017093164e+02,5.122432787674823906e+00,4.505424302754597043e-01,4.009385354631155565e+02,1.243328977015969485e+02,1.831251780990356681e-01,-3.321442641492550933e+02,1.694075082554079259e+01,4.505423904622984921e-01,4.413638502498343428e+02,1.296279913277969342e+02,2.373276426022951635e-01,-3.268892311491401301e+02,5.296357187565470070e+01,1.224672257596613134e+00,-5.485496294445749754e+02,8.289390529729034540e+01,1.694827615468836646e+00
7.238115080093951974e+02,6.243482253090402310e+02,3.389118315234128875e+00,3.496425974581699165e+02,1.223673869025355287e+02,1.889059222091873935e-01,-3.295216180099256462e+02,3.689627483474299474e+00,3.361092090266881161e-01,3.898036070794913144e+02,1.247491455015559580e+02,1.994625562913444061e-01,-3.284957489065128584e+02,7.635087948847106176e+00,3.361092093117498680e-01,4.304389206371474188e+02,1.311608221899842022e+02,2.817986245982643245e-01,-3.237515097758754905e+02,3.956150090286666199e+01,1.116475254629654801e+00,-6.160234011306785078e+02,8.131557078474199329e+01,2.025668733587839832e+00
6.804604574644935155e+02,6.521257776207753523e+02,3.460979495091741409e+00,3.386684480286641588e+02,1.224847409171245118e+02,1.996915084026634202e-01,-3.268807350986092501e+02,2.382725794144016085e+00,2.219673532459229548e-01,3.788950672818053818e+02,1.248813167671081459e+02,2.087750189373056009e-01,-3.248460397516810758e+02,-1.370085669478286583e+00,2.219673534011082361e-01,4.196937694155600980e+02,1.322954375863210146e+02,3.177180747488519419e-01,-3.202429509307007152e+02,2.620549439606098829e+01,1.003302920852954250e+00,-4.894370098321783757e+02,6.646597824625040118e+01,2.235251880781545797e+00
6.449744350358666907e+02,6.719860302409344968e+02,3.517503502107813596e+00,3.308055057697656025e+02,1.231735946108193218e+02,2.345817542161163782e-01,-1.733644441004876455e+02,2.822920514073270226e+01,1.560449866997566382e+00,3.709943411777365441e+02,1.267458152369879230e+02,2.427228153126770316e-01,-1.786263537127574637e+02,8.990157406142071750e+01,1.553660650922315645e+00,4.108164797176811476e+02,1.333766856920315149e+02,2.604238173658047217e-01,-2.311485014501640762e+02,3.202888464168833593e+01,-3.497771776134644739e+00,-4.002240634755226552e+02,2.686455157198037469e+01,1.560344769019992528e+00
6.138725078450110004e+02,6.882129684922711021e+02,3.567746643008103735e+00,3.267403645349251065e+02,1.245178534243602400e+02,3.052308121406858699e-01,-1.022608982457612683e+02,3.791304996596041121e+01,1.582883300213213440e+00,3.674744989882897244e+02,1.296637758672246150e+02,2.491867154214290891e-01,-9.042557800587705685e+01,7.947644794112167688e+01,2.417908787647327432e-02,4.068784782022422064e+02,1.358928431212910937e+02,2.453592276232641201e-01,-9.036222996528097440e+01,7.957473753548163131e+01,2.417908787647492924e-02,-3.124786959320927622e+02,1.359154625974119135e+01,1.465231839658443835e+00
5.870341142694796872e+02,7.016482135005413738e+02,3.613114832173852431e+00,3.252540142605415667e+02,1.254872888576690002e+02,3.558755925882876592e-01,-3.142138279168762338e+01,1.978957133731035967e+01,1.299671151667929569e+00,3.661036207445779382e+02,1.320726441061068499e+02,2.733014903913015270e-01,-3.235104685426873772e+01,6.349401496663291766e+01,7.410213978796126311e-01,4.054223820626127122e+02,1.391067044183270980e+02,2.702005105551665842e-01,-3.760208138463791983e+01,9.276961049787662716e+01,7.410209764443105307e-01,-2.245145468325614502e+02,1.608496467250479345e+00,1.331923927410738617e+00
5.655975501175610134e+02,7.122251554365391257e+02,3.651693890355775185e+00,3.258991311002281464e+02,1.262700643849261013e+02,3.989870573983017588e-01,2.913677082873122970e+01,1.608800601594422730e+01,1.120598961957222750e+00,3.665608758398204259e+02,1.343288315111227575e+02,3.122765373004577905e-01,2.048934375281800868e+01,6.124226509083551662e+01,1.092183288188012025e+00,4.056601395880044265e+02,1.427286653195792212e+02,3.097656473879207839e-01,1.125747327542619125e+01,1.041261548092334550e+02,1.092182998048036868e+00,-1.353317534250660685e+02,-3.026881940946217764e+00,1.132964147399819765e+00
5.503035809695478520e+02,7.201276852679793592e+02,3.682460399282811103e+00,3.284853823604807417e+02,1.270230074469947965e+02,4.338240038153277633e-01,8.573481112153764627e+01,1.503416926542790932e+01,9.038810311845137946e-01,3.686912546364646914e+02,1.365446626191485961e+02,3.626668530656950162e-01,6.928068930619507171e+01,5.980383371886413357e+01,1.435360006787378628e+00,4.074137191510852745e+02,1.467315803453634544e+02,3.606089847911973512e-01,5.491234036019933740e+01,1.147116993287807531e+02,1.435360914045526126e+00,-4.526803695379658876e+01,-3.206218426470635929e+00,9.038830945110728488e-01
5.416482078510305200e+02,7.255761088639451373e+02,3.704823825193498621e+00,3.329448952160813064e+02,1.276728741653965216e+02,4.597435716306470521e-01,1.408016333564975184e+02,1.113822116152074138e+01,6.558427795062903298e-01,3.723843418031036094e+02,1.386481056823432141e+02,4.266158865686355273e-01,1.148221131011268454e+02,5.499867698840287744e+01,1.862196536346479414e+00,4.105083081628990271e+02,1.511179518711698790e+02,4.247860649995612858e-01,9.397453618078490933e+01,1.257599646312793169e+02,1.848313572258535320e+00,4.542060025617166019e+01,-2.823144031208681071e+00,6.558427888951274820e-01
5.401656407720553261e+02,7.286167311078947932e+02,3.717917418219883530e+00,3.391278878849388434e+02,1.281642736191891174e+02,4.770060272551010505e-01,1.845025515603684028e+02,7.783918728062629633e+00,3.872053396790031687e-01,3.778861906277641651e+02,1.406617270664982584e+02,4.952088635772310954e-01,1.842983153210533374e+02,5.676048933958030318e+01,1.734351799771405300e+00,4.150269162367313811e+02,1.559155722841446163e+02,4.940107691166623627e-01,1.501812108716175658e+02,1.396526784028740451e+02,1.752631106932334593e+00,1.341283472485295647e+02,-3.486681579287593369e+00,3.545147004409196501e-01
5.454586766546849503e+02,7.296703173693364306e+02,3.722733396213557366e+00,3.468185964349439132e+02,1.289568241413398084e+02,4.840434900615298575e-01,2.342197011148157060e+02,1.656234050965437277e+01,1.254370599744942805e-01,3.854888543147500286e+02,1.426176290805040310e+02,5.310338610645708446e-01,2.352390458226075509e+02,5.025107153191481046e+01,1.253257587771326120e+00,4.212980638239994278e+02,1.606433173762681008e+02,5.322706624223437766e-01,1.931688763158158508e+02,1.332037562521944949e+02,1.299656386040719314e+00,2.245519775485163336e+02,-2.388005454883110446e+00,1.254370604289612445e-01
5.581501933643374969e+02,7.285093025135422522e+02,3.718122351555558591e+00,3.562272901997058625e+02,1.299155967516206829e+02,4.908841144319848748e-01,2.856198075707487760e+02,2.005878046390629166e+01,3.069391226963912866e-01,3.946764038137464468e+02,1.444357249132905281e+02,5.499050810521561861e-01,2.819567220175786133e+02,4.756520805951856090e+01,8.943884012734338862e-01,4.286764220232626030e+02,1.651357829339865191e+02,5.601117080399481418e-01,2.342061493914852974e+02,1.278263357614458045e+02,9.286218917998609879e-01,3.152749738334111953e+02,-2.362210399407127959e+00,-1.664569506612014749e-01
5.787035017649757265e+02,7.247902860171091106e+02,3.702948457431199270e+00,3.671214410070843996e+02,1.309299244271832094e+02,4.919840413187303030e-01,3.301522430664236936e+02,2.257316153876068654e+01,5.032883409187154100e-02,4.054701515620198506e+02,1.461407286197385531e+02,5.679823854956490559e-01,3.301244758854870724e+02,4.311541955094453016e+01,7.529696204373244051e-01,4.377677470759822995e+02,1.695722122964742482e+02,5.770845136252332752e-01,2.763860363784999663e+02,1.238740582797709351e+02,7.887169472774808732e-01,4.062829687433713843e+02,-2.274154338973694678e+00,-4.747052708020014777e-01
6.080679814052961092e+02,7.179961021938012209e+02,3.674580477849087146e+00,3.794840480518719232e+02,1.318682565042076078e+02,4.848166074017490890e-01,3.732539257199830445e+02,1.948755938745350136e+01,-3.075595877559245822e-02,4.178419480388328111e+02,1.477385176747181390e+02,5.871865271908015549e-01,3.752370827783842060e+02,4.005158133970052603e+01,8.424048096664396024e-01,4.483152895641923692e+02,1.739193454778471732e+02,5.953222517235142730e-01,3.196571963626667525e+02,1.208996917044564583e+02,8.439976675284465157e-01,4.904882801173206985e+02,1.551406710588035764e+01,-9.108866826430978003e-01
6.453130269488374324e+02,7.077346203266138218e+02,3.634257726927692111e+00,3.931308444741580956e+02,1.325064675294548806e+02,4.715442389802305123e-01,4.139427790566305703e+02,1.164678654636365884e+01,-1.051810733275440890e-01,4.315621944315843166e+02,1.492125811521851517e+02,6.132251975941479527e-01,4.156015360473916758e+02,3.641827028224891194e+01,9.759609782333759087e-01,4.599868845797248014e+02,1.781143021459378701e+02,6.169301592136026136e-01,3.521257144693654482e+02,1.160017620123951900e+02,9.986445397730983053e-01,5.758963894706013207e+02,1.598422340411249110e+01,-1.253535744149357090e+00
6.903574213453537141e+02,6.928923972446053767e+02,3.581401754223183964e+00,4.081868559534173073e+02,1.328206697814642041e+02,4.525792059746027163e-01,4.564271996405964842e+02,2.932082268498942046e+00,-2.685044427626354646e-01,4.467662173860424559e+02,1.505886470602710574e+02,6.500716793913189351e-01,4.604269549205819771e+02,3.399536652128740144e+01,1.346811062056277652e+00,4.728706132860668276e+02,1.822167973878902387e+02,6.542041992209480794e-01,3.877196133615688609e+02,1.127792387351636165e+02,1.386490588452871986e+00,6.631397182782885693e+02,9.698397010292930887e+00,-1.624345959400358419e+00
7.426969821878183211e+02,6.724966896103651379e+02,3.515991085168292951e+00,4.246992744106322561e+02,1.328128887179653930e+02,4.196765042090564446e-01,4.997535529119487592e+02,-6.289108884058685511e+00,-8.033171893488461057e-01,4.636535047659826319e+02,1.519177794868525666e+02,7.080916507398082871e-01,5.102511105966422065e+02,3.295750498864190803e+01,1.993970371634817607e+00,4.869326829096823985e+02,1.862656457027439671e+02,7.072061912915089676e-01,4.236267068656173933e+02,1.112523106640618664e+02,1.869442003759174131e+00,7.545358781148580647e+02,-1.880934616246340729e+00,-1.985135180442097802e+00
8.026437551412234370e+02,6.449199196325049570e+02,3.435128160883580861e+00,4.423113848969525748e+02,1.327545018162563224e+02,3.547193732602499927e-01,5.278555504246197643e+02,-7.321781507538845268e+00,-1.993167451836448167e+00,4.820865438819037081e+02,1.530542516128575130e+02,7.802990442263232351e-01,5.540355862063784116e+02,2.664656751808911039e+01,2.481744083242817922e+00,5.015613499453716031e+02,1.900600579397410854e+02,7.811376621338155246e-01,4.435236417561243343e+02,1.060181952456805448e+02,2.481759852872252203e+00,8.484169842473302197e+02,-1.828151632505718993e+00,-2.445164302465872019e+00
8.693249353063395120e+02,6.082368472109961886e+02,3.337141854933706853e+00,4.606329702853599315e+02,1.326801117375919432e+02,2.416162549285173766e-01,5.480256185593694909e+02,-6.665579443862936770e+00,-3.378976886995243234e+00,5.017845262408240501e+02,1.538520967556322603e+02,8.783418026046337923e-01,5.913182922799740027e+02,1.630611812204316635e+01,3.000739222510659943e+00,5.167035126529328863e+02,1.936471669012972825e+02,8.780896253910136506e-01,4.531055388360674669e+02,9.733907557254077858e+01,3.000712103531108621e+00,9.439480061614438000e+02,-1.442442199632683719e+00,-2.952861466600536833e+00
9.403889116598918463e+02,5.612672886360828670e+02,3.222623197674285844e+00,4.796059925315927899e+02,1.327051884914560844e+02,8.398228307185463815e-02,5.653175571517597291e+02,-1.108106452650869045e+00,-4.622260134170064205e+00,5.225867503431030627e+02,1.542719033300425906e+02,9.869635691739675476e-01,6.397302124784808939e+02,4.621110603594990707e+00,3.425411933434527434e+00,5.318070306141352148e+02,1.967140249759374910e+02,9.781133621753840268e-01,4.531055388360674669e+02,8.400574223920742156e+01,3.000712103531108621e+00,1.039567748908717249e+03,-1.369275475962037580e+00,-3.462663935315941632e+00
1.012398786717945995e+03,5.041002588068745354e+02,3.094262191388225780e+00,4.995192106447623814e+02,1.326381033004769563e+02,-1.013791135406895971e-01,6.122726075230573315e+02,-5.191876702460600512e+00,-4.722931207897592465e+00,5.440532564343646982e+02,1.542618507655521398e+02,1.103739218513668963e+00,6.442930018138580408e+02,-9.082633262072492997e+00,3.586970871269285599e+00,5.469105485753375433e+02,1.993364386061333278e+02,1.078137098959754292e+00,4.531055388360674669e+02,7.067240890587406454e+01,3.000712103531108621e+00,1.136133226261605387e+03,-5.919435034126303563e-01,-3.886527116371934376e+00
1.081615226533135001e+03,4.386371580385111884e+02,2.956883543466743980e+00,5.207235003582848094e+02,1.322853798724621868e+02,-2.470198567345434082e-01,6.377466560798916362e+02,-1.671887375246239671e+01,-4.007972777427387001e+00,5.656420168236261361e+02,1.538066960736214810e+02,1.225458732190926936e+00,6.470370890318495185e+02,-2.223606167016235347e+01,3.679769518445124010e+00,5.620140665365398718e+02,2.015144077918846506e+02,1.178160835744124668e+00,4.531055388360674669e+02,5.733907557254072884e+01,3.000712103531108621e+00,1.234252017209950054e+03,-1.324160805716673717e-01,-4.143432348407259269e+00
1.145155157324218180e+03,3.686323562329597507e+02,2.816911406801088091e+00,5.424354423451808316e+02,1.314397784017440358e+02,-3.882861278383846759e-01,6.460503058158865315e+02,-3.522345021232841589e+01,-3.993240280196010517e+00,5.873979037979145232e+02,1.529396976422964087e+02,1.350081575325245753e+00,6.606825763857135598e+02,-3.188535591664654234e+01,3.830108624216561619e+00,5.771175844977422003e+02,2.032479325331916016e+02,1.278184572528495044e+00,4.531055388360674669e+02,4.400574223920740735e+01,3.000712103531108621e+00,1.332788741403959420e+03,9.914693597890245069e-02,-4.224536462119248270e+00
1.201274041480499363e+03,2.948585759325291065e+02,2.673108711875044730e+00,5.639704525390436629e+02,1.300878856168886273e+02,-5.213941371782516709e-01,6.460503058158865315e+02,-4.855678354566173738e+01,-3.993240280196010517e+00,6.094206563441050548e+02,1.516990746672970829e+02,1.477751862799131288e+00,6.606825763857135598e+02,-4.521868924997986738e+01,3.830108624216561619e+00,6.057603516845014155e+02,2.015267641417721336e+02,9.653761418017812179e-01,1.008428423378775733e+03,-9.223810579798492881e+01,-9.782907731443936328e+00,1.395767215767778680e+03,8.194034313590599083e+00,-4.431014600188998287e+00
1.200644101598466477e+03,2.301577417175512039e+02,2.548328535334384970e+00,5.855054627329064942e+02,1.282915483875888185e+02,-6.545021465181184439e-01,6.460503058158865315e+02,-6.189011687899505887e+01,-3.993240280196010517e+00,6.314434088902955864e+02,1.500140072478533000e+02,1.605422150273016824e+00,6.606825763857135598e+02,-5.855202258331318887e+01,3.830108624216561619e+00,6.393746324637938869e+02,1.982743828373948816e+02,6.392792174203169031e-01,1.008428423378775733e+03,-1.055714391313182858e+02,-9.782907731443936328e+00,0.000000000000000000e+00,0.000000000000000000e+00,-3.743405296219766143e+00
1.194038006422153103e+03,1.930098855803847471e+02,2.476839742461336868e+00,6.070404729267693256e+02,1.260507667138445385e+02,-7.876101558579852169e-01,4.983044880844187219e+02,-1.443521219297854259e+02,-4.298845471319629574e+00,6.426663916124293792e+02,1.520429749057561537e+02,1.544890067622564755e+00,1.901725630378238208e+01,2.962961253198859595e+02,-4.267199876084602828e+00,6.729889132430863583e+02,1.945775570885731440e+02,3.131822930388524218e-01,4.628362827179831385e+01,2.198703312971822754e+02,-8.955071135253263037e+00,1.677039552802508737e+01,-4.252186088539396991e+01,-1.077748881167261086e+00
1.188300688725038981e+03,1.698629636138651904e+02,2.432288924088144899e+00,6.128586764919580219e+02,1.263694949081784955e+02,-9.766244486234960664e-01,-1.474666674275451612e+02,1.652864042667612523e+02,-5.435256282913655035e+00,6.423714348102701024e+02,1.646224139762881862e+02,1.363864357013880202e+00,9.271356197617123485e+00,3.814604212529744132e+02,-5.436976876109567591e+00,6.708171652995466729e+02,2.033569261178475926e+02,2.362927920456774078e-03,-5.992954508875182285e+01,2.452901317356559900e+02,-9.413041928078424547e+00,-4.120250223742822726e+01,-1.595808156424119595e+01,-1.014048172948754933e+00
1.179725199752946082e+03,1.503983172043062382e+02,2.394148503025553598e+00,6.055628558802559382e+02,1.326998047057080328e+02,-1.151040239939446597e+00,-2.348610680595766098e+02,1.880126555373511508e+02,-5.230437527468967396e+00,6.424521338088633229e+02,1.773271881425380059e+02,1.174832297531600345e+00,9.271356197617123485e+00,3.681270879196409851e+02,-5.436976876109567591e+00,6.683834595379171333e+02,2.116743811504177870e+02,-3.174405984087770860e-01,-5.992954508875182285e+01,2.319567984023227041e+02,-9.413041928078424547e+00,-1.353762088619594977e+02,-2.403972306928208180e+00,-1.135447240927432100e+00
1.168818318150082860e+03,1.376657822104636182e+02,2.368933980992436350e+00,5.973662545309368852e+02,1.389839230866467403e+02,-1.328043606584253133e+00,-2.455419243824696309e+02,1.795306865939579950e+02,-5.364105286418405782e+00,6.418702527982661650e+02,1.887662036341230305e+02,9.923517354628332843e-01,-4.661309916439246592e+01,3.058146453654495076e+02,-5.843954667286545224e+00,6.671191368262368542e+02,2.200056587607547272e+02,-6.057668200673820280e-01,-4.045089726742272518e+00,2.676025742898472117e+02,-6.730261585597093976e+00,-2.346641517737666049e+02,-3.234242926626704762e-01,-7.568987963192428392e-01
1.156501548517465608e+03,1.323878832703705086e+02,2.358612103781436264e+00,5.887738282597103989e+02,1.450035247396226623e+02,-1.509037459095079248e+00,-2.630703455296930997e+02,1.746830473868683384e+02,-5.445909848443453605e+00,6.397754018516101269e+02,1.989167262213194078e+02,8.180442227953426126e-01,-1.193740538298740717e+02,3.158875675974335877e+02,-2.608112346365862422e+00,6.649572629103896588e+02,2.298641343319368673e+02,-7.350863879815838775e-01,-1.006245470314728578e+02,3.131901435141511456e+02,-2.197579372868547765e+00,-3.222062295659371784e+02,-6.054190149946548694e+00,-2.610243372277976648e-01
1.142795338801421622e+03,1.330110044041954040e+02,2.360033723375241088e+00,5.797511360575324488e+02,1.507731623668105101e+02,-1.695045729083210606e+00,-2.725833711992466419e+02,1.660239825061601664e+02,-5.613832662444075972e+00,6.346616664368706324e+02,2.098080859045923887e+02,7.766668762834303408e-01,-1.613771847004040296e+02,3.215555489129391162e+02,-1.025290537092965248e+00,6.603380513327408607e+02,2.408046416868143353e+02,-7.587837871708853488e-01,-1.496802150971839751e+02,3.255887356469188489e+02,-3.218537072645057950e-01,-4.155014412588842561e+02,-3.293833904504349874e+00,5.755918945459866098e-02
1.127393158007843113e+03,1.389913936278867368e+02,2.372144173387585653e+00,5.705174684274060155e+02,1.562009205445225746e+02,-1.888348306278407440e+00,-2.799611340401556845e+02,1.562608094370512219e+02,-5.922573751463810154e+00,6.279064070355599370e+02,2.210171824606259747e+02,7.906471073188831022e-01,-2.147258296601227414e+02,3.323168030159646378e+02,7.095866098930415644e-01,6.538724067590857203e+02,2.522587343837568881e+02,-7.152808904911434063e-01,-2.077298478224812186e+02,3.422623228888646736e+02,1.704957752198851706e+00,-5.075830385571558736e+02,-3.844777885057513611e+00,3.801603360735877901e-01
1.110250262945712620e+03,1.504917843128029915e+02,2.395233917508239330e+00,5.609291510323323564e+02,1.613521004060679331e+02,-2.100639698321292936e+00,-2.895716188052290931e+02,1.474373757820199273e+02,-6.480283763742259673e+00,6.192542364012590497e+02,2.326572965882611186e+02,8.683434490226656921e-01,-2.982379291225595921e+02,3.574450304046029601e+02,7.171226521082745275e-01,6.442031349942055840e+02,2.648173626246276626e+02,-6.798711119501149591e-01,-3.175549204149802449e+02,3.802058549818401048e+02,7.171226521082733063e-01,-5.940531947691542882e+02,-6.283221721772181745e+00,7.171226521082734173e-01
1.091372893650500373e+03,1.683992044367641086e+02,2.430900379936083322e+00,5.494046814166052854e+02,1.668866333908110846e+02,-2.251968598013073031e+00,-4.295690663591991552e+02,1.932231327473944020e+02,-1.438698926374750497e+00,6.070921886712502555e+02,2.454168557270197937e+02,9.102539600653484220e-01,-3.881169960372965306e+02,3.831059606567564515e+02,1.151725931221367905e+00,6.310004866568522175e+02,2.785178776338625539e+02,-6.414084661068967241e-01,-4.244096473738413806e+02,4.132058597016808790e+02,1.151725931221361909e+00,-6.716044453406506136e+02,-9.629779462491301345e+00,1.151725931221361243e+00
1.070870755990335965e+03,1.943514595560693294e+02,2.480681587797314958e+00,5.339874691246282055e+02,1.736041595224353671e+02,-2.260178083581610320e+00,-4.714318842815543462e+02,1.962159143113632638e+02,-2.231076809584927115e-02,5.884077377521174412e+02,2.547344554671649632e+02,9.628195036204405532e-01,-7.137817576389940086e+02,8.924813549258153955e+01,1.530584951457640397e+00,6.089343326435307517e+02,2.878265653610708341e+02,-6.477757044760629190e-01,-7.662511288668275711e+02,1.231073244120653811e+02,1.544176388814227030e+00,-7.243131746061812919e+02,3.606423859265473908e+01,1.619045405021468875e+00
1.047274137332336522e+03,2.258219971243295277e+02,2.541588279497332792e+00,5.170265949718393585e+02,1.804052098880135304e+02,-2.222887022047757455e+00,-5.282056649661150232e+02,2.011352878748608077e+02,1.570158444911441853e+00,5.620218473200001199e+02,2.567358014014686773e+02,1.022527690961966496e+00,-7.947466272327305887e+02,5.369177455736349458e+01,1.853868871298905319e+00,5.807366103573756391e+02,2.911978434610224440e+02,-5.827359868873430715e-01,-8.561077527218382102e+02,8.899854479777569338e+01,1.995257868538780954e+00,-8.091401563306271782e+02,1.649717799067359714e+00,1.853868871464123824e+00
1.019177995006792116e+03,2.659977026335828327e+02,2.618733580030127683e+00,4.979434263864303603e+02,1.873504666568335040e+02,-2.127924771916556157e+00,-5.863290230754880668e+02,2.026942413967628625e+02,3.116044029235908841e+00,5.328782412038286793e+02,2.587427130137762674e+02,1.099243339446096757e+00,-8.804677747935903653e+02,6.380660272128911004e+01,2.539229972367997856e+00,5.491301908405300765e+02,2.947330884200918604e+02,-5.017899625736140790e-01,-9.684190486410969925e+02,1.125240173648294899e+02,2.539229972368000965e+00,-8.745743612199833024e+02,3.870857056149937137e+01,2.539229972368000965e+00
9.850196694140026921e+02,3.178180201455291467e+02,2.717249209820115752e+00,4.770107816037880752e+02,1.942081240062459528e+02,-1.980112187254512879e+00,-6.476548948659191183e+02,1.991491541992347152e+02,4.911264371454986843e+00,5.016038703307029323e+02,2.617804865278146735e+02,1.202997735517374878e+00,-9.403546086004799918e+02,9.566323288813418912e+01,3.021586198432457238e+00,5.145234138619995292e+02,2.998061578101169857e+02,-3.958905186393091857e-01,-1.047066967255078453e+03,1.583141436455345570e+02,3.021586198432467896e+00,-9.470163421787131028e+02,2.797816561795663404e+01,3.021586198432465231e+00
9.420540027817378359e+02,3.741469194612752176e+02,2.827180627960020676e+00,4.524562933836947423e+02,2.009223557779967280e+02,-1.848890326465739031e+00,-7.735312226294433913e+02,1.935521213850472293e+02,3.332657486218315590e+00,4.678643146722629922e+02,2.651566994938592643e+02,1.318037732411267760e+00,-1.021215385067319403e+03,9.719249565802130064e+01,3.332657486218319143e+00,4.766724961292312628e+02,3.047108917357449513e+02,-2.787368558944717800e-01,-1.150006793888685479e+03,1.398585053554271553e+02,3.332657486218321363e+00,-1.026371213454448480e+03,-1.165106111039496462e+00,3.332657486218319143e+00
8.875442640983292222e+02,4.373692355135133312e+02,2.953811369078529037e+00,4.243936522871917418e+02,2.071458626913334911e+02,-1.714738938367486698e+00,-8.679269137178382607e+02,1.749464242991841729e+02,3.824117629256102546e+00,4.311286689891184096e+02,2.689080745839758606e+02,1.447543822769691513e+00,-1.113034777243742155e+03,1.091275541080058105e+02,3.824117629256112316e+00,4.350207328283262314e+02,3.094605946264729823e+02,-1.452624963516629120e-01,-1.266561507967159059e+03,1.399294531268875232e+02,3.824117629256120754e+00,-1.106186560298230688e+03,-2.226687275705487856e+00,3.824117629256110984e+00
8.586391211702455166e+02,5.049633526719056817e+02,3.095618578024475376e+00,3.954179805613777603e+02,2.128039946866099115e+02,-1.585343670129635507e+00,-8.679269137178382607e+02,1.616130909658508870e+02,3.824117629256102546e+00,3.939545727436793641e+02,2.723749880438575701e+02,1.576084073727475054e+00,-1.113034777243742155e+03,9.579422077467245344e+01,3.824117629256112316e+00,3.927271650841653923e+02,3.139206276278362679e+02,-1.586643852962462894e-02,-1.266561507967159059e+03,1.265961197935542231e+02,3.824117629256120754e+00,0.000000000000000000e+00,0.000000000000000000e+00,4.254474060382538170e+00
8.314674447798888650e+02,5.499758495167916408e+02,3.195185252463307979e+00,3.664870834374498259e+02,2.180133199410271345e+02,-1.457873082487765259e+00,-8.679269137178382607e+02,1.482797576325176010e+02,3.824117629256102546e+00,3.619865666138355778e+02,2.738450490844524552e+02,1.574460896499521922e+00,-1.035208728078775806e+02,-1.426468106709863832e+02,-2.544904075980667923e-01,3.647326780741288985e+02,3.146440908252970985e+02,5.397654683874992393e-02,-2.231294323305573926e+02,-8.672929111969251892e+01,3.162219638806130106e+00,-1.368630653381643469e+02,2.833998504614925906e+01,3.202234779955440924e+00
8.136389041766065020e+02,5.735731352311246383e+02,3.249611557911783244e+00,3.608218547857962903e+02,2.172227078004107170e+02,-1.538028906315683120e+00,3.563041817348436524e+01,-7.913227271071272639e+01,-1.130686766284772354e-01,3.601012386484377998e+02,2.691341052640217413e+02,1.605920021004663356e+00,-6.344393765557217080e+01,-1.473903234569029337e+02,1.440424905487668328e+00,3.600540249624654052e+02,3.120619795923927882e+02,1.022431435553117218e-01,-1.329027451004162401e+02,-8.072404357229130767e+01,1.647632534946744221e+00,-6.892406361825119632e+01,1.241001970544970945e+01,1.539932193599553356e+00
7.981377746504754214e+02,5.932868847064387410e+02,3.297642821307741112e+00,3.633562987696986397e+02,2.146641393771916455e+02,-1.506206146290288483e+00,7.068731024999038937e+01,-8.298575234600241401e+01,1.321826652949130487e+00,3.600070737043797635e+02,2.644823712420798643e+02,1.650639824739454697e+00,4.742324040794382856e-01,-1.433406994237113565e+02,1.445176721506090445e+00,3.576113680270065061e+02,3.096486610556617620e+02,1.355434189089742836e-01,-6.937530499362968328e+01,-7.691879511688057391e+01,1.445176721506088224e+00,-1.083350014952962503e+01,-2.933426190220828289e+00,1.445176721506087780e+00
7.871877409098201497e+02,6.062582184087813175e+02,3.330224371298667663e+00,3.660385746442213986e+02,2.117453353117899439e+02,-1.462909266374740058e+00,7.068731024999038937e+01,-9.631908567933577103e+01,1.321826652949130487e+00,3.607349825199923998e+02,2.596588573330085410e+02,1.683176536046238070e+00,1.670083511323024439e+01,-1.513974726977365322e+02,9.813156046891826634e-01,3.564203956673653124e+02,3.071872329260615402e+02,1.574783398820363833e-01,-3.736929373787400976e+01,-8.003823141438222422e+01,9.813156046891814421e-01,-3.215507597660430150e+00,-1.032697139675998077e+00,9.813156046891816642e-01
7.796275460408534173e+02,6.147451274077142216e+02,3.352042356544681301e+00,3.685493550643013805e+02,2.083731339257635398e+02,-1.422390268468196162e+00,7.068731024999038937e+01,-1.096524190126691281e+02,1.321826652949130487e+00,3.617373885912218725e+02,2.545103040804683872e+02,1.704893442025212202e+00,2.407368740519815375e+01,-1.620796129573062672e+02,6.555965115641817498e-01,3.559205008570405653e+02,3.045341498540425391e+02,1.698646008376132333e-01,-1.826311895331310708e+01,-8.662375377439896340e+01,6.555965115641826380e-01,-1.765268471768584924e+00,-6.266002698053428910e-01,6.555965115641827490e-01
7.744566176781380591e+02,6.203392043663114919e+02,3.366663132457270446e+00,3.709442403906433015e+02,2.045450635541631073e+02,-1.380524847911672515e+00,7.068731024999038937e+01,-1.229857523460024851e+02,1.321826652949130487e+00,3.628780825378513555e+02,2.489887065008632590e+02,1.719032427758575787e+00,2.879866172101290545e+01,-1.736131208787502374e+02,4.383120376705783583e-01,3.558605888346669417e+02,3.016129040655257540e+02,1.762209302795084143e-01,-5.302510581504594533e+00,-9.508218081069279037e+01,4.383120376705778032e-01,-1.179038845841549721e+00,-4.449821139285923266e-01,4.383120376705784138e-01
7.709473787902309141e+02,6.240390909513710085e+02,3.376445815830825037e+00,3.733004840656431043e+02,2.002677606981852136e+02,-1.336463959480035157e+00,7.068731024999038937e+01,-1.363190856793357852e+02,1.321826652949130487e+00,3.640998370100476791e+02,2.430704046187838117e+02,1.727901772501702959e+00,3.214997598423801861e+01,-1.856226033736940053e+02,2.929511359815384353e-01,3.560992427413260657e+02,2.983746776808449113e+02,1.788955150829664720e-01,3.875814849264814121e+00,-1.048215618593858665e+02,2.929511359815385463e-01,-8.353093129329685063e-01,-3.278535415353222016e-01,2.929511359815387683e-01
7.685763070351147235e+02,6.264928189800741620e+02,3.382986520118618223e+00,3.756567277406429071e+02,1.955460133977629482e+02,-1.292403071048397800e+00,7.068731024999038937e+01,-1.496524190126690712e+02,1.321826652949130487e+00,3.653752458230296156e+02,2.367421063932631853e+02,1.733222495845848199e+00,3.471206053060351593e+01,-1.979200150970820857e+02,1.958954328505338738e-01,3.565467649136970749e+02,2.947854916426054501e+02,1.794005746773145726e-01,1.055596131662480452e+01,-1.154701473071125832e+02,1.958954328505332354e-01,-6.161487342483683571e-01,-2.480446330368053509e-01,1.958954328505335407e-01
7.669711013762947687e+02,6.281230313173416562e+02,3.387363375781882180e+00,3.780301467306839527e+02,1.901276428931164446e+02,-1.256969973414492570e+00,7.170897817631161786e+01,-1.811291386905826641e+02,7.205798869312657340e-01,3.667661363647638950e+02,2.302860198923676762e+02,1.744523256643499609e+00,4.209977825476961755e+01,-1.896637749752171089e+02,7.363500051464491047e-01,3.571406969868259580e+02,2.908198069677965805e+02,1.787019926369069200e-01,1.519264114266152355e+01,-1.269084362345596873e+02,1.311333941634310607e-01,-8.697376984349380891e-01,-3.560821011002840986e-01,1.311333941634311162e-01
7.658814338644252757e+02,6.292234220463227530e+02,3.390326290416752819e+00,3.804302481746797753e+02,1.838806833506798171e+02,-1.234683812344631315e+00,7.170600387900350370e+01,-1.946307090866830833e+02,7.165092599251400296e-01,3.682711944652987768e+02,2.238396306849958250e+02,1.764017764485656947e+00,4.342652138833227582e+01,-2.022809177323041183e+02,6.426261158472252877e-01,3.578537379798626716e+02,2.864654265944225813e+02,1.774272862159720632e-01,1.953096600382959025e+01,-1.384487362862761017e+02,8.877817246133536122e-02,-3.774729131615034983e-01,-1.560657863397421075e-01,8.877817246133530571e-02
7.651465430702037338e+02,6.299592585339728430e+02,3.392313482882646891e+00,3.828291714754065538e+02,1.771903379177791749e+02,-1.212206777352234699e+00,7.170684643350156762e+01,-2.080594329854288560e+02,7.142236580500360699e-01,3.697978044516780756e+02,2.169608222000909450e+02,1.781491530388452427e+00,4.444616258230585970e+01,-2.150934287541827246e+02,5.689560859456250785e-01,3.586638271129003783e+02,2.817127446547255545e+02,1.759049722069879196e-01,2.282691760615541909e+01,-1.504095957264910339e+02,5.965986826997064091e-02,-2.877623567198344667e-01,-1.198603759440411282e-01,5.965986826997081438e-02
7.646491000775179145e+02,6.304526410608170863e+02,3.393649687149022931e+00,3.852270054331614801e+02,1.700569279934731810e+02,-1.189549057336006799e+00,7.170973772305976013e+01,-2.214850466171433823e+02,7.120324903407462269e-01,3.713455341300631289e+02,2.096481605171610738e+02,1.797167467759573256e+00,4.541407833084036128e+01,-2.279280089757975247e+02,4.999292946278133254e-01,3.595539649396705499e+02,2.765539033961701421e+02,1.743421832984734798e-01,2.563575890564366588e+01,-1.625676273693978828e+02,4.025169643411334597e-02,-2.519765558387295767e-01,-1.054516335842450719e-01,4.025169643411340842e-02
7.643108451805211416e+02,6.307846003973668303e+02,3.394551287483074109e+00,3.876239391371092893e+02,1.624795028763601863e+02,-1.166758149006254186e+00,7.171520923074933762e+01,-2.349216001834514600e+02,7.096041167935102090e-01,3.729158109788650677e+02,2.019026821800456446e+02,1.811016086462014396e+00,4.638293507988151987e+01,-2.407490034418964910e+02,4.322895563558498133e-01,3.605158836883266531e+02,2.709847000883825103e+02,1.728580317820469225e-01,2.815360721011219880e+01,-1.748440631321261947e+02,2.727557833789766989e-02,-2.328117707466159647e-01,-9.773441365763518851e-02,2.727557833789764213e-02
7.640794112207495346e+02,6.310088759537069336e+02,3.395162388059469016e+00,3.900201845083830676e+02,1.544569353893479331e+02,-1.143881614516621514e+00,7.172416162821077990e+01,-2.483745076602905897e+02,7.068183669644338973e-01,3.745107826474514923e+02,1.937260124445879512e+02,1.822965293455212521e+00,4.737363120774884351e+01,-2.535421934924058860e+02,3.646637057819148708e-01,3.615451959258817283e+02,2.650026483046090107e+02,1.715113875358335038e-01,3.049040502410959874e+01,-1.871944203723746512e+02,1.856786958626623421e-02,-2.224297559550742764e-01,-9.356968216018263229e-02,1.856786958626619605e-02
7.639197604630660408e+02,6.311611622197737006e+02,3.395578999171469547e+00,3.924159815374575828e+02,1.459880102217375963e+02,-1.120964912745782804e+00,7.173746154181978341e+01,-2.618454667085249525e+02,7.036443089869663936e-01,3.761327988219752001e+02,1.851200454799788986e+02,1.832933191004905149e+00,4.839426502481382641e+01,-2.663023261832787512e+02,2.963976931075321675e-01,3.626397363060938233e+02,2.586062895651319877e+02,1.703250351720728695e-01,3.271488668596395399e+01,-1.995906932487564518e+02,1.269391428273646330e-02,-2.172276928352255276e-01,-9.150902563407459223e-02,1.269391428273660728e-02
7.638084507302986594e+02,6.312652084438819884e+02,3.395865136203698675e+00,3.948115854731990453e+02,1.370716839901013486e+02,-1.098045935585081567e+00,7.175585391900781929e+01,-2.753335811917118576e+02,7.001123749721538392e-01,3.777840810644744352e+02,1.760865241902939715e+02,1.840833689338305934e+00,4.944532670626015403e+01,-2.790299230742584200e+02,2.272118024755332977e-01,3.637986476757769196e+02,2.517948025969381263e+02,1.693009150684803288e-01,3.487034998040989819e+01,-2.120151636737183480e+02,8.702070616570573361e-03,-2.149944902053502749e-01,-9.065454672479351939e-02,8.702070616570488359e-03
7.637297952766848539e+02,6.313368326232450727e+02,3.396063500826946413e+00,3.972072642581432547e+02,1.277070582516173545e+02,-1.075156394373851354e+00,7.177975334821805120e+01,-2.888359841195424451e+02,6.962971402123416809e-01,3.794665919701883467e+02,1.666269982367914793e+02,1.846586357950856794e+00,5.052255812929735868e+01,-2.917295754174525655e+02,1.570323967742962568e-01,3.650218129335479489e+02,2.445677539491095160e+02,1.684296247804001889e-01,3.698380290393581760e+01,-2.244567570478554615e+02,5.961453538805814439e-03,-2.143055850515546146e-01,-9.042342365588097730e-02,5.961453538805313104e-03
7.638339151145612504e+02,6.311326223584233048e+02,3.395588086173240150e+00,4.005128763761724144e+02,1.235383379140740345e+02,-1.163573206536195004e+00,1.166647230926407417e+02,-2.428831898539637990e+01,-4.711851809060257246e+00,3.817543309799140161e+02,1.594889894851739882e+02,1.940723054102515999e+00,7.981373600380545952e+01,-1.686435510395431265e+02,4.610191954364801781e+00,3.662908710088399857e+02,2.369179355422751314e+02,1.676870034246267793e-01,3.754720532606911831e+01,-2.375522949954658429e+02,4.822551990434778037e-03,-3.234078544976564995e+00,-1.365116691695756890e+00,-2.583038135961838663e-02
7.636747827551507726e+02,6.312865629967966470e+02,3.396009583139901533e+00,4.027777427721862296e+02,1.230634976683077610e+02,-1.255623273111764027e+00,5.409943892840765756e+01,-1.842939757200445783e+01,-2.286094305545135708e+00,3.837962040838013991e+02,1.593376420247382157e+02,1.995942668008018783e+00,5.818213179713640670e+01,2.738539934537212162e+01,1.057989551465670530e+00,3.676285720299827062e+02,2.288548198138025498e+02,1.673044476943061631e-01,4.135451758567034375e+01,-2.492801475190424583e+02,1.247408646839326049e-02,-2.538208173067493245e-01,-1.070320539837902041e-01,1.247408646839343396e-02
7.635631675811494006e+02,6.313965290926959142e+02,3.396309113631065912e+00,4.046450178315054700e+02,1.224650935592393921e+02,-1.334314333106519479e+00,5.520041724343226264e+01,-2.379644678177637118e+01,-2.404448188474566095e+00,3.856810602271348216e+02,1.602200727778330815e+02,2.025916411943756490e+00,5.795085222771593436e+01,1.646753871112000311e+01,1.031574885372417372e+00,3.690488589916149067e+02,2.203825949394073120e+02,1.669867538858377520e-01,4.354452649266143993e+01,-2.616889134330522779e+02,8.699211985837502006e-03,-1.460005937994048320e-01,-6.163782795489523847e-02,8.699211985837177613e-03
7.634870895608532919e+02,6.314706668869412169e+02,3.396511691945746758e+00,4.065458552436014656e+02,1.216384190199662640e+02,-1.418718594057843951e+00,5.663016139828793882e+01,-3.030947423137521213e+01,-2.569245619418038640e+00,3.875703106442801982e+02,1.606813663769706011e+02,2.056736305714875090e+00,5.791370508534012629e+01,3.448416440565315266e+00,1.028659776175104623e+00,3.705371903624712218e+02,2.114951636769740162e+02,1.666820913612312161e-01,4.559728432980990220e+01,-2.741550251684147383e+02,5.720218984912152707e-03,-1.368505224765722839e-01,-5.781477319806221926e-02,5.720218984911653974e-03
7.634350501816718406e+02,6.315204085477205354e+02,3.396648379865010448e+00,4.084796372250629020e+02,1.205551847764402282e+02,-1.509271264187327599e+00,5.773349901165673259e+01,-3.798843272050174846e+01,-2.764424837992433659e+00,3.894707188463010539e+02,1.606738746653566920e+02,2.088862259454221881e+00,5.791370508534012629e+01,-9.884916892768016439e+00,1.028659776175104623e+00,3.720924294880942398e+02,2.021919720202425026e+02,1.663997561105495515e-01,4.763257024657966099e+01,-2.866281260858572182e+02,3.661144424126412666e-03,-1.356857277846489629e-01,-5.734882772605984919e-02,3.661144424126299909e-03
7.634734921923654838e+02,6.313155453517849764e+02,3.396225249407383906e+00,4.098543945587714461e+02,1.196577423426568885e+02,-1.575435125119578395e+00,2.296365564771281273e-06,-1.730290685125106939e-07,4.660403085416503209e-08,3.917344565242966041e+02,1.600679243574830934e+02,2.012630636719891619e+00,6.792632547115108821e+01,1.057387259017275305e+01,-3.363632871333691376e+00,3.742847121406141468e+02,1.977136050672276610e+02,2.753417454727512537e-01,7.151028258352356204e+01,-8.144352376503455559e+01,4.580410515342514977e+00,-4.757309514959154662e+00,-2.010915144983194125e+00,-1.864223547649960025e-02
7.633156378712492369e+02,6.314747623116398927e+02,3.396655787860469289e+00,4.099754010256374386e+02,1.197037648252311328e+02,-1.574556834673934258e+00,3.195487500790094249e+00,5.888651962259380530e-05,4.565192703409935395e-06,3.934217417390649985e+02,1.602974869030194895e+02,1.929766461259086574e+00,2.250058871886855982e+01,1.582856001817896985e+00,-9.315413854572019980e-01,3.762265276388052371e+02,1.963827072241136591e+02,3.670289414142622331e-01,3.824500402706296853e+01,2.068067392731559906e+01,-1.403010134649536056e-01,0.000000000000000000e+00,0.000000000000000000e+00,1.319231766117771529e-02
7.632071739571572380e+02,6.315852069026416302e+02,3.396954119119350413e+00,4.100334318713622110e+02,1.197410930839525349e+02,-1.573838088932203005e+00,1.070735568365214553e-04,-1.476676638587790999e-05,-3.108308288459438666e-06,3.940584431374596193e+02,1.603799033811754384e+02,1.900213043617740682e+00,1.658547686019684875e+01,8.737397133148903094e-01,-7.988040257666603194e-01,3.774644192158183955e+02,1.970626605875240500e+02,3.567467772511953017e-01,3.685103130269873617e+01,1.580336304396403513e+01,-3.952954233539832662e-01,0.000000000000000000e+00,0.000000000000000000e+00,8.949937766455952348e-03
7.631348463781401961e+02,6.316588186510884952e+02,3.397153006625272642e+00,4.100552613170858649e+02,1.197713008285791716e+02,-1.573260063339308124e+00,-1.365164461106060218e-04,1.856989790891648827e-05,3.719864005735466778e-06,3.945486806543191278e+02,1.604346691217581622e+02,1.876560880569680512e+00,1.265013260201408407e+01,3.681895467764589314e-01,-6.087273460526476665e-01,3.786652683131343906e+02,1.975442539668268864e+02,3.389377400108828375e-01,3.570129530336687651e+01,1.001299056310983637e+01,-6.237891193610062279e-01,0.000000000000000000e+00,0.000000000000000000e+00,5.966625177649066171e-03
7.630866198591600096e+02,6.317078851577284695e+02,3.397285598295886722e+00,4.100719424162757036e+02,1.197957641744918789e+02,-1.572791841492203746e+00,-8.561266402922965276e-05,2.034988830772660923e-05,2.292599643785875849e-06,3.949116509806711406e+02,1.604702319507740356e+02,1.859075167876402812e+00,8.836034061924875616e+00,1.032681410596066052e-01,-4.250491903528271775e-01,3.798317707859704342e+02,1.978297703103032461e+02,3.136975945454946180e-01,3.464823424805355501e+01,4.389302864328392673e+00,-8.607407105609716780e-01,0.000000000000000000e+00,0.000000000000000000e+00,3.977750118426826020e-03
7.630544652323510491e+02,6.317405926095046880e+02,3.397373992742962034e+00,4.100848215905400025e+02,1.198155761338958314e+02,-1.572412617893157449e+00,-6.973183999121673401e-03,-4.795931423393039184e-04,2.026427380685430794e-04,3.951507430535990011e+02,1.604944254188285981e+02,1.847565690052690224e+00,9.707821399955861352e+00,-5.833310113311420686e-01,-5.659553667865889759e-01,3.809672149248959272e+02,1.979223920134809589e+02,2.807234479670459582e-01,3.092647128488562913e+01,7.452503625114085040e+00,-5.660776948376704532e-01,0.000000000000000000e+00,0.000000000000000000e+00,2.651833412281608300e-03
7.630330272083342606e+02,6.317623959982499855e+02,3.397432922374345576e+00,4.100959344031914497e+02,1.198316006173643302e+02,-1.572107688568969541e+00,-3.486286281150762509e-04,4.252513392200420010e-05,7.940743950865286111e-06,3.954921141812191081e+02,1.605044635066670651e+02,1.830154474883981752e+00,1.015760615582215820e+01,-1.644252621026201511e-01,-4.888267691053865271e-01,3.819582711817184304e+02,1.981811341134174427e+02,2.628419263823735808e-01,2.860353518811770002e+01,6.458988255058966566e+00,-4.888331600206961003e-01,0.000000000000000000e+00,0.000000000000000000e+00,1.767888941533010856e-03
7.630187344785246069e+02,6.317769308888780415e+02,3.397472208795268678e+00,4.101043370734011546e+02,1.198446006008120577e+02,-1.571858336197350825e+00,-2.064293212260708606e-04,2.494906026782966167e-05,4.603969958257892692e-06,3.958171441956233139e+02,1.605105515507200380e+02,1.814286921045301870e+00,9.411662185606472164e+00,-2.997233916521597763e-01,-4.531131189534356452e-01,3.828796167499712055e+02,1.984032330602862260e+02,2.465994838046123572e-01,2.660744228803410749e+01,5.569020785120075701e+00,-4.531167791246474841e-01,0.000000000000000000e+00,0.000000000000000000e+00,1.178592627688601624e-03
7.630092056747541847e+02,6.317866205040086243e+02,3.397498399742550745e+00,4.101107428454030241e+02,1.198551294895316062e+02,-1.571656387371894947e+00,-1.946993306316169747e-04,2.340156927581175418e-05,4.296766759984541444e-06,3.961190803464502892e+02,1.605100747199157070e+02,1.799570101961635249e+00,8.737979344047079877e+00,-4.058048201097361196e-01,-4.209368523471217483e-01,3.837380676657056711e+02,1.985939030249693928e+02,2.315855558323847985e-01,2.479286961749675555e+01,4.811485492076713832e+00,-4.209402366931999095e-01,0.000000000000000000e+00,0.000000000000000000e+00,7.857284184620645564e-04
7.630028529979199448e+02,6.317930801087779855e+02,3.397515860374071384e+00,4.101156179275777163e+02,1.198636571955879475e+02,-1.571492819577133382e+00,-1.836783360021106821e-04,2.196055592871450752e-05,4.013958872013786218e-06,3.964000936722409847e+02,1.605043527238543390e+02,1.785888584526406753e+00,8.132261297225465313e+00,-4.884881144643683504e-01,-3.920515803699373691e-01,3.845392831970527254e+02,1.987579270756929191e+02,2.176690332185520216e-01,2.315178681358269586e+01,4.166463424995370701e+00,-3.920547107992094493e-01,0.000000000000000000e+00,0.000000000000000000e+00,5.238189456412619153e-04
7.629986178173703593e+02,6.317973864503341019e+02,3.397527500795085142e+00,4.101193219652940911e+02,1.198705641551277949e+02,-1.571360340081771279e+00,-1.718493480710236239e-04,2.031967961827019589e-05,3.678947418237264836e-06,3.966622507395289290e+02,1.604944552740584243e+02,1.773134760017987865e+00,7.590301058960652547e+00,-5.527349905483485148e-01,-3.662385727872323748e-01,3.852887211485094099e+02,1.988993570442014232e+02,2.047297621444518489e-01,2.167615817330211669e+01,3.616936505129015877e+00,-3.662412595112592428e-01,0.000000000000000000e+00,0.000000000000000000e+00,3.492126304394105318e-04
7.629957943358222110e+02,6.318002573173162091e+02,3.397535261075760982e+00,4.101221312735389120e+02,1.198761584484215064e+02,-1.571253042053720961e+00,-1.639980889711857494e-04,1.941606063790863993e-05,3.521421373364944351e-06,3.969075137786772416e+02,1.604812390758759477e+02,1.761208069808140930e+00,7.108165478577856966e+00,-6.027168660344578432e-01,-3.433000062607883263e-01,3.859916252217142869e+02,1.990216203023507262e+02,1.926571692300250160e-01,2.035817772108589807e+01,3.148432405254363076e+00,-3.433026954694302080e-01,0.000000000000000000e+00,0.000000000000000000e+00,2.328084202928861987e-04
7.629939120024124577e+02,6.318021712164652399e+02,3.397540434596213021e+00,4.101242576705038800e+02,1.198806895800605758e+02,-1.571166139489853508e+00,-1.554293230301713566e-04,1.831814742038463223e-05,3.311267274635107886e-06,3.971377441911543542e+02,1.604653806524137281e+02,1.750014354824831031e+00,6.682319554517291316e+00,-6.419540986941137950e-01,-3.230606117093093310e-01,3.866530230466073021e+02,1.991276118436736908e+02,1.813490114580417756e-01,1.919041977636660690e+01,2.748517904991518268e+00,-3.230631130847270160e-01,0.000000000000000000e+00,0.000000000000000000e+00,1.552056135346925082e-04
7.629926571079718087e+02,6.318034471438211312e+02,3.397543883609847715e+00,4.101258633526499580e+02,1.198843596129545688e+02,-1.571095756969045798e+00,-1.477415319645819839e-04,1.733702546943058088e-05,3.124498829246737091e-06,3.973547087904107684e+02,1.604474037656852943e+02,1.739465089100069140e+00,6.309528613156531129e+00,-6.734145403136541086e-01,-3.053640572613314230e-01,3.872777317873477045e+02,1.992197731482799838e+02,1.707103752337213454e-01,1.816599538096249233e+01,2.406620699991768753e+00,-3.053663916924497235e-01,0.000000000000000000e+00,0.000000000000000000e+00,1.034704090230862176e-04
7.629918205092330936e+02,6.318042977596539913e+02,3.397546182952270843e+00,4.101270723311105826e+02,1.198873322003636162e+02,-1.571038754892552403e+00,-1.409458075299419358e-04,1.647163073404595056e-05,2.960440177404699648e-06,3.975600865491870763e+02,1.604277032871506776e+02,1.729476784132132572e+00,5.986913525089092580e+00,-6.996169966273565466e-01,-2.900733599024565290e-01,3.878703700097563569e+02,1.993001593226567252e+02,1.606526504874258854e-01,1.727863045518317975e+01,2.113675792806568143e+00,-2.900755473095028569e-01,0.000000000000000000e+00,0.000000000000000000e+00,6.898027267615434088e-05
7.629912627756541497e+02,6.318048648358070523e+02,3.397547715847219596e+00,4.101279793388027883e+02,1.198897398885521142e+02,-1.570992590152124002e+00,-1.350451123085352257e-04,1.572011515962857647e-05,2.818351476619595855e-06,3.977554767207158193e+02,1.604065648157142618e+02,1.719970346340365053e+00,5.711937492004206085e+00,-7.227147372935465164e-01,-2.770697853635439856e-01,3.884353736966388055e+02,1.993704956908254928e+02,1.510926596434855607e-01,1.652273279390308147e+01,1.861892587660489262e+00,-2.770718446006335545e-01,0.000000000000000000e+00,0.000000000000000000e+00,4.598684844470394184e-05
7.629908909527853211e+02,6.318052428861005865e+02,3.397548737777184691e+00,4.101286566906301800e+02,1.198916900314708727e+02,-1.570955202819722896e+00,-1.300368975385729367e-04,1.508016674286059215e-05,2.697476306309931716e-06,3.979424075019551310e+02,1.603841809058821468e+02,1.710870473954397175e+00,5.482400428245933099e+00,-7.445694722783265940e-01,-2.662520956546798323e-01,3.889770154291429662e+02,1.994322251811167916e+02,1.419518482910869239e-01,1.589343613998952343e+01,1.644538217526527957e+00,-2.662540444759220470e-01,0.000000000000000000e+00,0.000000000000000000e+00,3.065789895735919653e-05
7.629906430706586207e+02,6.318054949194181518e+02,3.397549419063827347e+00,4.101291595583861636e+02,1.198932695801113510e+02,-1.570924924360442398e+00,-1.259150839872936176e-04,1.454923739120990596e-05,2.597072642402367917e-06,3.981223450825819441e+02,1.603606642212584745e+02,1.702105076592735022e+00,5.296431512062914848e+00,-7.668161633589430926e-01,-2.575358883011665823e-01,3.894994258172068839e+02,1.994865475984260570e+02,1.331555393545131305e-01,1.538662990121656016e+01,1.455747024398887479e+00,-2.575377433670065774e-01,0.000000000000000000e+00,0.000000000000000000e+00,2.043859931070696049e-05
7.629904778158118006e+02,6.318056629415364114e+02,3.397549873254923192e+00,4.101295300173578653e+02,1.198945489608930330e+02,-1.570900403279877455e+00,-1.226716074719890305e-04,1.412470885863539350e-05,2.516433500747160277e-06,3.982967029028750403e+02,1.603360579681131242e+02,1.693604715085082590e+00,5.152480801203711991e+00,-7.909202309512243234e-01,-2.508530325616633028e-01,3.900066165352385497e+02,1.995344517547432019e+02,1.246322403869388612e-01,1.499897901124563937e+01,1.290351934718160676e+00,-2.508548094695259856e-01,0.000000000000000000e+00,0.000000000000000000e+00,1.362573287977397740e-05
7.629903676458717428e+02,6.318057749562399295e+02,3.397550176048986348e+00,4.101298001453375264e+02,1.198955852165216243e+02,-1.570880544894285302e+00,-1.202975483441456471e-04,1.380400363149509376e-05,2.454898789517432251e-06,3.984668509949738109e+02,1.603103439194244402e+02,1.685302058725020480e+00,5.049310553498091103e+00,-8.182286351109813172e-01,-2.461512061595415857e-01,3.905025045057244597e+02,1.995767412848295521e+02,1.163129947720972640e-01,1.472793737920263268e+01,1.143733659605680186e+00,-2.461529194862461245e-01,0.000000000000000000e+00,0.000000000000000000e+00,9.083821916960944953e-06
7.629902941992261276e+02,6.318058496326902969e+02,3.397550377911695119e+00,4.101299943932048109e+02,1.198964245496755154e+02,-1.570864462541157636e+00,-1.187838577571257348e-04,1.358464566440907453e-05,2.411859380487878034e-06,3.986341253215946949e+02,1.602834482915166916e+02,1.677131356870156687e+00,4.985986683704934919e+00,-8.500162224855609683e-01,-2.433935348338410465e-01,3.909909369169097886e+02,1.996140548289415619e+02,1.081307685908267369e-01,1.457175752654890744e+01,1.011683853085258766e+00,-2.433951981797936037e-01,0.000000000000000000e+00,0.000000000000000000e+00,6.055881289822360683e-06
7.629902452347871531e+02,6.318058994169828111e+02,3.397550512486835039e+00,4.101301313972447247e+02,1.198971043831282373e+02,-1.570851438057447647e+00,-1.181216808154647981e-04,1.346427348718167761e-05,2.386753896317457578e-06,3.987998370556788359e+02,1.602552456858846313e+02,1.669027921615731325e+00,4.961870613624699722e+00,-8.875286494387377711e-01,-2.425583361968125240e-01,3.914757168694212623e+02,1.996468811234165059e+02,1.000198657265434499e-01,1.452949832780380035e+01,8.902785475880962140e-01,-2.425599622238180098e-01,0.000000000000000000e+00,0.000000000000000000e+00,4.037254193124630350e-06
7.629902125918238198e+02,6.318059326065076675e+02,3.397550602203595727e+00,4.101302253355038943e+02,1.198976550342650143e+02,-1.570840887986340251e+00,-1.175805898722695692e-04,1.331861242437302486e-05,2.348474997322492422e-06,3.989652684495150083e+02,1.602255637488350430e+02,1.660928263914193348e+00,4.973500928060769155e+00,-9.314371611940310824e-01,-2.434865463446207190e-01,3.919606395351419224e+02,1.996755719480147206e+02,9.191600745755207358e-02,1.460338823961524213e+01,7.763280938635270800e-01,-2.434881515149363018e-01,0.000000000000000000e+00,0.000000000000000000e+00,2.691502807204633100e-06
7.629901908298465969e+02,6.318059547328558665e+02,3.397550662014769518e+00,4.101302871066982334e+02,1.198981010403889655e+02,-1.570832345460008383e+00,-1.191336670696272913e-04,1.346007644061058558e-05,2.372910244544392386e-06,3.991316311520906197e+02,1.601941940150817061e+02,1.652772104038475964e+00,5.027001535189798531e+00,-9.841639551755287929e-01,-2.464896005997332107e-01,3.924495576477235090e+02,1.997003564758017831e+02,8.375831239552704310e-02,1.478944301139813255e+01,6.649496415912165004e-01,-2.464912052158769462e-01,0.000000000000000000e+00,0.000000000000000000e+00,1.794335187117760208e-06
7.629901763218613269e+02,6.318059694837536426e+02,3.397550701888884639e+00,4.101303259760389892e+02,1.198984622961892796e+02,-1.570825426351444065e+00,-1.209685499274066429e-04,1.362248359543964600e-05,2.398521356140824265e-06,3.993003059486447341e+02,1.601608485526884067e+02,1.644490815412212203e+00,5.119467761321037536e+00,-1.046572544950172157e+00,-2.514388723016798832e-01,3.929462322865928741e+02,1.997213130730951036e+02,7.547696116654664666e-02,1.509152989167417047e+01,5.529681061645859153e-01,-2.514404719927430532e-01,0.000000000000000000e+00,0.000000000000000000e+00,1.196223457976193131e-06
7.629901666498711847e+02,6.318059793176851144e+02,3.397550728471627313e+00,4.101303503573788589e+02,1.198987549111916877e+02,-1.570819821390768034e+00,-1.236093824172127258e-04,1.387360228185822368e-05,2.439845244345631085e-06,3.994725940675243692e+02,1.601252098038439726e+02,1.636019282887890558e+00,5.251371268668249215e+00,-1.120193137997198107e+00,-2.583730592070742627e-01,3.934545551708620792e+02,1.997384153894497558e+02,6.700538586986354295e-02,1.551201046413727447e+01,4.364138074081616581e-01,-2.583746629912651582e-01,0.000000000000000000e+00,0.000000000000000000e+00,7.974823111905042581e-07
7.629901602018774156e+02,6.318059858736390879e+02,3.397550746193455762e+00,4.101303662940804884e+02,1.198989919331640124e+02,-1.570815280210252407e+00,-1.270356922755825409e-04,1.420994562314315630e-05,2.496222684304626549e-06,3.996498162469883368e+02,1.600869112780686692e+02,1.627290201770961175e+00,5.423442249103556101e+00,-1.206731762994503798e+00,-2.673462720235125767e-01,3.939785101134044680e+02,1.997514861351174886e+02,5.827626003975983765e-02,1.605409547474825160e+01,3.110007316670403421e-01,-2.673478878271575709e-01,0.000000000000000000e+00,0.000000000000000000e+00,5.316548801023581545e-07
7.629901559032144860e+02,6.318059902442755629e+02,3.397550758008009542e+00,4.101303759400903459e+02,1.198991839282807206e+02,-1.570811600188033896e+00,-1.312180890909477298e-04,1.462703222700541424e-05,2.566837758959166657e-06,3.998333227903336251e+02,1.600455054545305131e+02,1.618234583984133668e+00,5.636662777540029978e+00,-1.308118452739324367e+00,-2.784284841107310671e-01,3.945222014147246341e+02,1.997601767725438719e+02,4.922059565018163663e-02,1.672185390929533710e+01,1.719874593050657874e-01,-2.784301186345912726e-01,0.000000000000000000e+00,0.000000000000000000e+00,3.544365866927764351e-07
7.629901530374393133e+02,6.318059931580330613e+02,3.397550765884377988e+00,4.101303808164335578e+02,1.198993394547184579e+02,-1.570808617242877014e+00,-1.361112355908224972e-04,1.511861635134417584e-05,2.650585458077873729e-06,4.000245002954158622e+02,1.600004745306449649e+02,1.608780930985632018e+00,5.892256766327346185e+00,-1.426559031556465129e+00,-2.917060339430392335e-01,3.950898808757348206e+02,1.997639704993222836e+02,3.976689417079412592e-02,1.752022145470369097e+01,1.402430974490077170e-02,-2.917076924487841394e-01,0.000000000000000000e+00,0.000000000000000000e+00,2.362910578132395915e-07
7.629901511269223420e+02,6.318059951005382118e+02,3.397550771135291026e+00,4.101303820838513161e+02,1.198994654442613665e+02,-1.570806198513059471e+00,-1.416475023636876304e-04,1.567601844770622984e-05,2.745958917926348684e-06,4.002247794262567027e+02,1.599512218001819690e+02,1.598854659223991392e+00,6.191677356448122893e+00,-1.564593831616942765e+00,-3.072822224615305298e-01,3.956859766196757846e+02,1.997621611261471912e+02,2.984057208068965211e-02,1.845500511758027073e+01,-1.690197885520432486e-01,-3.072839085026158323e-01,0.000000000000000000e+00,0.000000000000000000e+00,1.575273777184428864e-07
7.629901498532442474e+02,6.318059963955415697e+02,3.397550774635899717e+00,4.101303806266621450e+02,1.198995675112515755e+02,-1.570804236438441359e+00,-1.477270554132723360e-04,1.628708652985727615e-05,2.850872970909871871e-06,4.004356423049948717e+02,1.598970598424623404e+02,1.588377522346650528e+00,6.536590284910208659e+00,-1.725164219491526207e+00,-3.252780160928002151e-01,3.963151220944287729e+02,1.997538246812536329e+02,1.936338309132229138e-02,1.953288177987450425e+01,-3.842549823960293431e-01,-3.252797311650181267e-01,0.000000000000000000e+00,0.000000000000000000e+00,1.050182341089112015e-07
7.629901490041261241e+02,6.318059972588766868e+02,3.397550776969637365e+00,4.101303771179088926e+02,1.198996502027976021e+02,-1.570802643973147283e+00,-1.542043487681343166e-04,1.693480151080482680e-05,2.962426631095952679e-06,4.006586292872700028e+02,1.598371963357998879e+02,1.577267009202323766e+00,6.928851517559469819e+00,-1.911688449392754396e+00,-3.458328534074177618e-01,3.969821849181229823e+02,1.997377840006258509e+02,8.252816165650180696e-03,2.076138702311318340e+01,-6.399981840881209250e-01,-3.458345965064977268e-01,0.000000000000000000e+00,0.000000000000000000e+00,7.001215603649686492e-08
7.629901484380468446e+02,6.318059978344340379e+02,3.397550778525463944e+00,4.101337726841451854e+02,1.198991028002587882e+02,-1.570812594798700168e+00,-2.690486585601944720e-03,2.828989466281692580e-04,5.381334899435837699e-05,4.008154520223567943e+02,1.598982879050639667e+02,1.569941661122301824e+00,2.443017009206305268e+00,1.836252908870829703e+00,-1.224043764980529414e-01,3.975695918594989848e+02,1.998247939120192029e+02,9.314385697694500810e-04,1.484823709759432653e+01,2.241334773197228625e+00,-1.223980017067283349e-01,0.000000000000000000e+00,0.000000000000000000e+00,4.667477062479512504e-08
7.629901480606608857e+02,6.318059982181384839e+02,3.397550779562680923e+00,4.101337577550335709e+02,1.198992747398912684e+02,-1.570809284314538479e+00,5.667084376304768291e-05,-2.404337754104272668e-06,-1.689360398609877058e-06,4.008589536068629968e+02,1.599309324094020042e+02,1.567773925453531225e+00,-3.923367213986844737e-01,-2.925863071912990776e-01,1.958091293237376046e-02,3.980133541347853452e+02,1.998641647202217371e+02,-1.237451322562780395e-03,1.099505825263341308e+01,-3.633858099467224823e-01,1.958071503142517697e-02,0.000000000000000000e+00,0.000000000000000000e+00,3.111651370171593536e-08
7.629901478090703222e+02,6.318059984739415995e+02,3.397550780254158909e+00,4.101337599999252461e+02,1.198994124511434762e+02,-1.570806884381211077e+00,-1.842847761291588893e-01,4.173087965614705186e-02,2.400989450087213234e-03,4.008089490857091164e+02,1.598936592433814496e+02,1.570275744062072487e+00,-6.125130464974201105e-01,-9.535531283480253029e-02,1.300033279479285292e-02,3.983275228781242845e+02,1.998200347402747070e+02,1.263515620692638557e-03,6.112139422417267376e+00,-1.398925320442744313e-01,1.411793774313436882e-02,0.000000000000000000e+00,0.000000000000000000e+00,2.074433957943710993e-08
7.629901476413435830e+02,6.318059986444766309e+02,3.397550780715143492e+00,4.101337992757524376e+02,1.198997060009803874e+02,-1.570813922722340550e+00,-1.346264829423707635e-02,6.894353588298342966e-04,2.593113930995668117e-04,4.008099656960249604e+02,1.598938996790552665e+02,1.570272256847802694e+00,-5.100899130100158829e-02,-9.116202471189292778e-03,8.431285892325885659e-04,3.984651965188646159e+02,1.998204081285834093e+02,1.260071597130527077e-03,1.245944061489960619e+00,-1.071147144459461478e-02,9.057289720634809907e-04,0.000000000000000000e+00,0.000000000000000000e+00,1.382955968351413061e-08
7.629901475295255295e+02,6.318059987581666519e+02,3.397550781022466548e+00,4.101323682883341917e+02,1.198999068141148996e+02,-1.570791477058752328e+00,-4.336935615553350748e-02,1.293588109730270386e-02,2.309603078970686243e-04,4.008044774714457503e+02,1.598927036520018419e+02,1.570407480140872281e+00,-1.646956034868325425e-01,-3.523317250724931210e-02,4.755529410002266172e-03,3.984640474743458753e+02,1.998187766289021283e+02,1.428199529216118199e-03,-4.195248523180306610e-01,-5.154084287894988847e-02,6.143664759857528530e-03,0.000000000000000000e+00,0.000000000000000000e+00,9.219718340184060645e-09
7.629901474549801605e+02,6.318059988339603024e+02,3.397550781227349326e+00,4.101325532874691362e+02,1.199000256486936564e+02,-1.570800098532267430e+00,2.818634812513153703e-02,4.647530005725229729e-05,-5.157206052157558770e-04,4.008055441342344807e+02,1.598929448166395275e+02,1.570401476290283149e+00,1.257558329197953073e-01,2.684075040481032071e-02,-2.352683381201530789e-03,3.984653449023975895e+02,1.998190362733119514e+02,1.422513626958560188e-03,2.479289529577909934e-01,3.479071276122900486e-02,-2.938811319143756502e-03,0.000000000000000000e+00,0.000000000000000000e+00,6.146478755032040420e-09
7.629901474052830963e+02,6.318059988844895543e+02,3.397550781363937844e+00,4.101327112327765008e+02,1.199000343333375014e+02,-1.570802426795082196e+00,-1.392558235493709246e-02,-2.296646361159369182e-05,2.547951246718657562e-04,4.008062488292275134e+02,1.598931009746943914e+02,1.570388683530350660e+00,-6.212999183058491581e-02,-1.325996390230234009e-02,1.162340700810481466e-03,3.984667341929820168e+02,1.998192369187348731e+02,1.406381553834863988e-03,-1.224897630308634244e-01,-1.718660411615652653e-02,1.451919380149947628e-03,0.000000000000000000e+00,0.000000000000000000e+00,4.097655584318122111e-09
7.629901473721520233e+02,6.318059989181751916e+02,3.397550781454996116e+00,4.101325455051410813e+02,1.199000360540095329e+02,-1.570799261571216299e+00,5.747708079754927299e-03,9.476885971552214544e-06,-1.051649775518135834e-04,4.008055094256541224e+02,1.598929445264720073e+02,1.570402609000016048e+00,2.564390262139211452e-02,5.473320556646208562e-03,-4.797551005445218220e-04,3.984652764472623403e+02,1.998190337201638442e+02,1.423740287543432152e-03,5.055722804219597855e-02,7.094473482852134590e-03,-5.992772164615389622e-04,0.000000000000000000e+00,0.000000000000000000e+00,2.731770365471675177e-09
7.629901473500640350e+02,6.318059989406330033e+02,3.397550781515703111e+00,4.101326510222631327e+02,1.199000387106145809e+02,-1.570801026693546820e+00,-1.893164238954972694e-03,-3.122221750770457632e-06,3.463906886124850900e-05,4.008059802012494401e+02,1.598930466984987788e+02,1.570393916800693512e+00,-8.446504517174747984e-03,-1.802713963026847995e-03,1.580194235391552647e-04,3.984662045788862201e+02,1.998191656313253759e+02,1.412837712617588757e-03,-1.665236059492679679e-02,-2.336587279455262095e-03,1.973873060329096115e-04,0.000000000000000000e+00,0.000000000000000000e+00,1.821192031860799388e-09
7.629901473353394294e+02,6.318059989556043092e+02,3.397550781556172961e+00,4.101325974662743761e+02,1.199000409178567423e+02,-1.570799893750601806e+00,3.808036254983813680e-04,6.281096501033634621e-07,-6.967543211560202115e-06,4.008057412593254298e+02,1.598929972667567085e+02,1.570398493526561134e+00,1.698990453410748015e-03,3.626170496740793855e-04,-3.178525717173992580e-05,3.984657334961851802e+02,1.998191010772343930e+02,1.418513163107309929e-03,3.349577869682924050e-03,4.700127899802615571e-04,-3.970399576393507574e-05,0.000000000000000000e+00,0.000000000000000000e+00,1.214122118106372724e-09
7.629901473255226847e+02,6.318059989655853315e+02,3.397550781583153601e+00,4.101326201739691442e+02,1.199000423953660572e+02,-1.570800213226566600e+00,7.749993402702865138e-05,1.276617203589485404e-07,-1.417988553999919323e-06,4.008058425729398664e+02,1.598930198722289902e+02,1.570396664954365251e+00,3.457694825731500625e-04,7.379821537145973484e-05,-6.468735325039107222e-06,3.984659332328474193e+02,1.998191300749218726e+02,1.416203006968286835e-03,6.816868841282539308e-04,9.565526365734560831e-05,-8.080311816315905214e-06,0.000000000000000000e+00,0.000000000000000000e+00,8.094147574411181267e-10
7.629901473189778471e+02,6.318059989722398768e+02,3.397550781601141434e+00,4.101326123891346356e+02,1.199000438400075126e+02,-1.570799973623561607e+00,-1.444132652640115226e-04,-2.380645543261384472e-07,2.642305642723199716e-06,4.008058078416958665e+02,1.598930134534472245e+02,1.570397382357329619e+00,-6.443101917824253788e-04,-1.375155676526057210e-04,1.205393342146672523e-05,3.984658647557178597e+02,1.998191214486676870e+02,1.417072796859904574e-03,-1.270263229815171875e-03,-1.782432632026886149e-04,1.505696206441880489e-05,0.000000000000000000e+00,0.000000000000000000e+00,5.396128530547244830e-10
7.629901473146151147e+02,6.318059989766754825e+02,3.397550781613131843e+00,4.101326141488206076e+02,1.199000448678559394e+02,-1.570799937491053955e+00,1.486198624833834673e-04,2.450355527936550360e-07,-2.719276649761215224e-06,4.008058156936912155e+02,1.598930158282393847e+02,1.570397283027062718e+00,6.630788474834488659e-04,1.415212078867712493e-04,-1.240506724875055147e-05,3.984658802330885123e+02,1.998191243112700022e+02,1.416930195845083262e-03,1.307266128525832408e-03,1.834350395050999508e-04,-1.549557677012040630e-05,0.000000000000000000e+00,0.000000000000000000e+00,3.597300054916402556e-10
7.629901473117067781e+02,6.318059989796327045e+02,3.397550781621125449e+00,4.101326141488206076e+02,1.199000448678559394e+02,-1.570799937491053955e+00,1.486198624833834673e-04,2.450355527936550360e-07,-2.719276649761215224e-06,4.008058156936912155e+02,1.598930158282393847e+02,1.570397283027062718e+00,6.630788474834488659e-04,1.415212078867712493e-04,-1.240506724875055147e-05,3.984658802330885123e+02,1.998191243112700022e+02,1.416930195845083262e-03,1.307266128525832408e-03,1.834350395050999508e-04,-1.549557677012040630e-05,0.000000000000000000e+00,0.000000000000000000e+00,2.398258827215144688e-10
7.629901473097677354e+02,6.318059989816040343e+02,3.397550781626454519e+00,4.101326141488206076e+02,1.199000448678559394e+02,-1.570799937491053955e+00,1.486198624833834673e-04,2.450355527936550360e-07,-2.719276649761215224e-06,4.008058156936912155e+02,1.598930158282393847e+02,1.570397283027062718e+00,6.630788474834488659e-04,1.415212078867712493e-04,-1.240506724875055147e-05,3.984658802330885123e+02,1.998191243112700022e+02,1.416930195845083262e-03,1.307266128525832408e-03,1.834350395050999508e-04,-1.549557677012040630e-05,0.000000000000000000e+00,0.000000000000000000e+00,1.598899513356343568e-10
7.629901473084751160e+02,6.318059989829182541e+02,3.397550781630007233e+00,4.101326141488206076e+02,1.199000448678559394e+02,-1.570799937491053955e+00,1.486198624833834673e-04,2.450355527936550360e-07,-2.719276649761215224e-06,4.008058156936912155e+02,1.598930158282393847e+02,1.570397283027062718e+00,6.630788474834488659e-04,1.415212078867712493e-04,-1.240506724875055147e-05,3.984658802330885123e+02,1.998191243112700022e+02,1.416930195845083262e-03,1.307266128525832408e-03,1.834350395050999508e-04,-1.549557677012040630e-05,0.000000000000000000e+00,0.000000000000000000e+00,1.065991739324090304e-10
7.629901473076131424e+02,6.318059989837947796e+02,3.397550781632376449e+00,4.101326141488206076e+02,1.199000448678559394e+02,-1.570799937491053955e+00,1.486198624833834673e-04,2.450355527936550360e-07,-2.719276649761215224e-06,4.008058156936912155e+02,1.598930158282393847e+02,1.570397283027062718e+00,6.630788474834488659e-04,1.415212078867712493e-04,-1.240506724875055147e-05,3.984658802330885123e+02,1.998191243112700022e+02,1.416930195845083262e-03,1.307266128525832408e-03,1.834350395050999508e-04,-1.549557677012040630e-05,0.000000000000000000e+00,0.000000000000000000e+00,7.107198297849066174e-11
7.629901473070386828e+02,6.318059989843787889e+02,3.397550781633955186e+00,4.101326141488206076e+02,1.199000448678559394e+02,-1.570799937491053955e+00,1.486198624833834673e-04,2.450355527936550360e-07,-2.719276649761215224e-06,4.008058156936912155e+02,1.598930158282393847e+02,1.570397283027062718e+00,6.630788474834488659e-04,1.415212078867712493e-04,-1.240506724875055147e-05,3.984658802330885123e+02,1.998191243112700022e+02,1.416930195845083262e-03,1.307266128525832408e-03,1.834350395050999508e-04,-1.549557677012040630e-05,0.000000000000000000e+00,0.000000000000000000e+00,4.738437285691503403e-11
7.629901473066557855e+02,6.318059989847681663e+02,3.397550781635007677e+00,4.101326141488206076e+02,1.199000448678559394e+02,-1.570799937491053955e+00,1.486198624833834673e-04,2.450355527936550360e-07,-2.719276649761215224e-06,4.008058156936912155e+02,1.598930158282393847e+02,1.570397283027062718e+00,6.630788474834488659e-04,1.415212078867712493e-04,-1.240506724875055147e-05,3.984658802330885123e+02,1.998191243112700022e+02,1.416930195845083262e-03,1.307266128525832408e-03,1.834350395050999508e-04,-1.549557677012040630e-05,0.000000000000000000e+00,0.000000000000000000e+00,3.160142428353936200e-11
7.629901473064005586e+02,6.318059989850277134e+02,3.397550781635709338e+00,4.101326141488206076e+02,1.199000448678559394e+02,-1.570799937491053955e+00,1.486198624833834673e-04,2.450355527936550360e-07,-2.719276649761215224e-06,4.008058156936912155e+02,1.598930158282393847e+02,1.570397283027062718e+00,6.630788474834488659e-04,1.415212078867712493e-04,-1.240506724875055147e-05,3.984658802330885123e+02,1.998191243112700022e+02,1.416930195845083262e-03,1.307266128525832408e-03,1.834350395050999508e-04,-1.549557677012040630e-05,0.000000000000000000e+00,0.000000000000000000e+00,2.106761017059142040e-11
7.629901473062300283e+02,6.318059989852010858e+02,3.397550781636177852e+00,4.101326141488206076e+02,1.199000448678559394e+02,-1.570799937491053955e+00,1.486198624833834673e-04,2.450355527936550360e-07,-2.719276649761215224e-06,4.008058156936912155e+02,1.598930158282393847e+02,1.570397283027062718e+00,6.630788474834488659e-04,1.415212078867712493e-04,-1.240506724875055147e-05,3.984658802330885123e+02,1.998191243112700022e+02,1.416930195845083262e-03,1.307266128525832408e-03,1.834350395050999508e-04,-1.549557677012040630e-05,0.000000000000000000e+00,0.000000000000000000e+00,1.405098259965598118e-11
7.629901473061161141e+02,6.318059989853168190e+02,3.397550781636490935e+00,4.101326141488206076e+02,1.199000448678559394e+02,-1.570799937491053955e+00,1.486198624833834673e-04,2.450355527936550360e-07,-2.719276649761215224e-06,4.008058156936912155e+02,1.598930158282393847e+02,1.570397283027062718e+00,6.630788474834488659e-04,1.415212078867712493e-04,-1.240506724875055147e-05,3.984658802330885123e+02,1.998191243112700022e+02,1.416930195845083262e-03,1.307266128525832408e-03,1.834350395050999508e-04,-1.549557677012040630e-05,0.000000000000000000e+00,0.000000000000000000e+00,9.370282327836321201e-12
7.629901473060401713e+02,6.318059989853941261e+02,3.397550781636699657e+00,4.101326141488206076e+02,1.199000448678559394e+02,-1.570799937491053955e+00,1.486198624833834673e-04,2.450355527936550360e-07,-2.719276649761215224e-06,4.008058156936912155e+02,1.598930158282393847e+02,1.570397283027062718e+00,6.630788474834488659e-04,1.415212078867712493e-04,-1.240506724875055147e-05,3.984658802330885123e+02,1.998191243112700022e+02,1.416930195845083262e-03,1.307266128525832408e-03,1.834350395050999508e-04,-1.549557677012040630e-05,0.000000000000000000e+00,0.000000000000000000e+00,6.235030561599329824e-12
7.629901473059901491e+02,6.318059989854450578e+02,3.397550781636837325e+00,4.101326141488206076e+02,1.199000448678559394e+02,-1.570799937491053955e+00,1.486198624833834673e-04,2.450355527936550360e-07,-2.719276649761215224e-06,4.008058156936912155e+02,1.598930158282393847e+02,1.570397283027062718e+00,6.630788474834488659e-04,1.415212078867712493e-04,-1.240506724875055147e-05,3.984658802330885123e+02,1.998191243112700022e+02,1.416930195845083262e-03,1.307266128525832408e-03,1.834350395050999508e-04,-1.549557677012040630e-05,0.000000000000000000e+00,0.000000000000000000e+00,4.156620838283234009e-12
7.629901473059561567e+02,6.318059989854793912e+02,3.397550781636930584e+00,4.101326141488206076e+02,1.199000448678559394e+02,-1.570799937491053955e+00,1.486198624833834673e-04,2.450355527936550360e-07,-2.719276649761215224e-06,4.008058156936912155e+02,1.598930158282393847e+02,1.570397283027062718e+00,6.630788474834488659e-04,1.415212078867712493e-04,-1.240506724875055147e-05,3.984658802330885123e+02,1.998191243112700022e+02,1.416930195845083262e-03,1.307266128525832408e-03,1.834350395050999508e-04,-1.549557677012040630e-05,0.000000000000000000e+00,0.000000000000000000e+00,2.771188890682193900e-12
7.629901473059335331e+02,6.318059989855025833e+02,3.397550781636992756e+00,4.101326141488206076e+02,1.199000448678559394e+02,-1.570799937491053955e+00,1.486198624833834673e-04,2.450355527936550360e-07,-2.719276649761215224e-06,4.008058156936912155e+02,1.598930158282393847e+02,1.570397283027062718e+00,6.630788474834488659e-04,1.415212078867712493e-04,-1.240506724875055147e-05,3.984658802330885123e+02,1.998191243112700022e+02,1.416930195845083262e-03,1.307266128525832408e-03,1.834350395050999508e-04,-1.549557677012040630e-05,0.000000000000000000e+00,0.000000000000000000e+00,1.847375002367359098e-12
7.629901473059189811e+02,6.318059989855172489e+02,3.397550781637032724e+00,4.101326141488206076e+02,1.199000448678559394e+02,-1.570799937491053955e+00,1.486198624833834673e-04,2.450355527936550360e-07,-2.719276649761215224e-06,4.008058156936912155e+02,1.598930158282393847e+02,1.570397283027062718e+00,6.630788474834488659e-04,1.415212078867712493e-04,-1.240506724875055147e-05,3.984658802330885123e+02,1.998191243112700022e+02,1.416930195845083262e-03,1.307266128525832408e-03,1.834350395050999508e-04,-1.549557677012040630e-05,0.000000000000000000e+00,0.000000000000000000e+00,1.225758440403976399e-12
7.629901473059092041e+02,6.318059989855271397e+02,3.397550781637059369e+00,4.101326141488206076e+02,1.199000448678559394e+02,-1.570799937491053955e+00,1.486198624833834673e-04,2.450355527936550360e-07,-2.719276649761215224e-06,4.008058156936912155e+02,1.598930158282393847e+02,1.570397283027062718e+00,6.630788474834488659e-04,1.415212078867712493e-04,-1.240506724875055147e-05,3.984658802330885123e+02,1.998191243112700022e+02,1.416930195845083262e-03,1.307266128525832408e-03,1.834350395050999508e-04,-1.549557677012040630e-05,0.000000000000000000e+00,0.000000000000000000e+00,8.171422014285661084e-13
7.629901473059028376e+02,6.318059989855337335e+02,3.397550781637077133e+00,4.101326141488206076e+02,1.199000448678559394e+02,-1.570799937491053955e+00,1.486198624833834673e-04,2.450355527936550360e-07,-2.719276649761215224e-06,4.008058156936912155e+02,1.598930158282393847e+02,1.570397283027062718e+00,6.630788474834488659e-04,1.415212078867712493e-04,-1.240506724875055147e-05,3.984658802330885123e+02,1.998191243112700022e+02,1.416930195845083262e-03,1.307266128525832408e-03,1.834350395050999508e-04,-1.549557677012040630e-05,0.000000000000000000e+00,0.000000000000000000e+00,5.505983989962740655e-13
7.629901473058980628e+02,6.318059989855387357e+02,3.397550781637090456e+00,4.101326141488206076e+02,1.199000448678559394e+02,-1.570799937491053955e+00,1.486198624833834673e-04,2.450355527936550360e-07,-2.719276649761215224e-06,4.008058156936912155e+02,1.598930158282393847e+02,1.570397283027062718e+00,6.630788474834488659e-04,1.415212078867712493e-04,-1.240506724875055147e-05,3.984658802330885123e+02,1.998191243112700022e+02,1.416930195845083262e-03,1.307266128525832408e-03,1.834350395050999508e-04,-1.549557677012040630e-05,0.000000000000000000e+00,0.000000000000000000e+00,3.730891021874052815e-13
7.629901473058947659e+02,6.318059989855419190e+02,3.397550781637099337e+00,4.101326141488206076e+02,1.199000448678559394e+02,-1.570799937491053955e+00,1.486198624833834673e-04,2.450355527936550360e-07,-2.719276649761215224e-06,4.008058156936912155e+02,1.598930158282393847e+02,1.570397283027062718e+00,6.630788474834488659e-04,1.415212078867712493e-04,-1.240506724875055147e-05,3.984658802330885123e+02,1.998191243112700022e+02,1.416930195845083262e-03,1.307266128525832408e-03,1.834350395050999508e-04,-1.549557677012040630e-05,0.000000000000000000e+00,0.000000000000000000e+00,2.487802340382895382e-13
7.629901473058930605e+02,6.318059989855435106e+02,3.397550781637103778e+00,4.101326141488206076e+02,1.199000448678559394e+02,-1.570799937491053955e+00,1.486198624833834673e-04,2.450355527936550360e-07,-2.719276649761215224e-06,4.008058156936912155e+02,1.598930158282393847e+02,1.570397283027062718e+00,6.630788474834488659e-04,1.415212078867712493e-04,-1.240506724875055147e-05,3.984658802330885123e+02,1.998191243112700022e+02,1.416930195845083262e-03,1.307266128525832408e-03,1.834350395050999508e-04,-1.549557677012040630e-05,0.000000000000000000e+00,0.000000000000000000e+00,1.598721155460225418e-13
7.629901473058914689e+02,6.318059989855452159e+02,3.397550781637108219e+00,4.101326141488206076e+02,1.199000448678559394e+02,-1.570799937491053955e+00,1.486198624833834673e-04,2.450355527936550360e-07,-2.719276649761215224e-06,4.008058156936912155e+02,1.598930158282393847e+02,1.570397283027062718e+00,6.630788474834488659e-04,1.415212078867712493e-04,-1.240506724875055147e-05,3.984658802330885123e+02,1.998191243112700022e+02,1.416930195845083262e-03,1.307266128525832408e-03,1.834350395050999508e-04,-1.549557677012040630e-05,0.000000000000000000e+00,0.000000000000000000e+00,1.064730785373097358e-13
7.629901473058907868e+02,6.318059989855460117e+02,3.397550781637110440e+00,4.101326141488206076e+02,1.199000448678559394e+02,-1.570799937491053955e+00,1.486198624833834673e-04,2.450355527936550360e-07,-2.719276649761215224e-06,4.008058156936912155e+02,1.598930158282393847e+02,1.570397283027062718e+00,6.630788474834488659e-04,1.415212078867712493e-04,-1.240506724875055147e-05,3.984658802330885123e+02,1.998191243112700022e+02,1.416930195845083262e-03,1.307266128525832408e-03,1.834350395050999508e-04,-1.549557677012040630e-05,0.000000000000000000e+00,0.000000000000000000e+00,7.098205235820649055e-14
7.629901473058898773e+02,6.318059989855469212e+02,3.397550781637112660e+00,4.101326141488206076e+02,1.199000448678559394e+02,-1.570799937491053955e+00,1.486198624833834673e-04,2.450355527936550360e-07,-2.719276649761215224e-06,4.008058156936912155e+02,1.598930158282393847e+02,1.570397283027062718e+00,6.630788474834488659e-04,1.415212078867712493e-04,-1.240506724875055147e-05,3.984658802330885123e+02,1.998191243112700022e+02,1.416930195845083262e-03,1.307266128525832408e-03,1.834350395050999508e-04,-1.549557677012040630e-05,0.000000000000000000e+00,0.000000000000000000e+00,4.448114220280979596e-14
7.629901473058898773e+02,6.318059989855469212e+02,3.397550781637112660e+00,4.101326141488206076e+02,1.199000448678559394e+02,-1.570799937491053955e+00,1.486198624833834673e-04,2.450355527936550360e-07,-2.719276649761215224e-06,4.008058156936912155e+02,1.598930158282393847e+02,1.570397283027062718e+00,6.630788474834488659e-04,1.415212078867712493e-04,-1.240506724875055147e-05,3.984658802330885123e+02,1.998191243112700022e+02,1.416930195845083262e-03,1.307266128525832408e-03,1.834350395050999508e-04,-1.549557677012040630e-05,0.000000000000000000e+00,0.000000000000000000e+00,1.776356839400250465e-14
7.629901473058898773e+02,6.318059989855469212e+02,3.397550781637112660e+00,4.101326141488206076e+02,1.199000448678559394e+02,-1.570799937491053955e+00,1.486198624833834673e-04,2.450355527936550360e-07,-2.719276649761215224e-06,4.008058156936912155e+02,1.598930158282393847e+02,1.570397283027062718e+00,6.630788474834488659e-04,1.415212078867712493e-04,-1.240506724875055147e-05,3.984658802330885123e+02,1.998191243112700022e+02,1.416930195845083262e-03,1.307266128525832408e-03,1.834350395050999508e-04,-1.549557677012040630e-05,0.000000000000000000e+00,0.000000000000000000e+00,1.776356839400250465e-14
7.629901473058898773e+02,6.318059989855469212e+02,3.397550781637112660e+00,4.101326141488206076e+02,1.199000448678559394e+02,-1.570799937491053955e+00,1.486198624833834673e-04,2.450355527936550360e-07,-2.719276649761215224e-06,4.008058156936912155e+02,1.598930158282393847e+02,1.570397283027062718e+00,6.630788474834488659e-04,1.415212078867712493e-04,-1.240506724875055147e-05,3.984658802330885123e+02,1.998191243112700022e+02,1.416930195845083262e-03,1.307266128525832408e-03,1.834350395050999508e-04,-1.549557677012040630e-05,0.000000000000000000e+00,0.000000000000000000e+00,1.776356839400250465e-14
7.629901473058898773e+02,6.318059989855469212e+02,3.397550781637112660e+00,4.101326141488206076e+02,1.199000448678559394e+02,-1.570799937491053955e+00,1.486198624833834673e-04,2.450355527936550360e-07,-2.719276649761215224e-06,4.008058156936912155e+02,1.598930158282393847e+02,1.570397283027062718e+00,6.630788474834488659e-04,1.415212078867712493e-04,-1.240506724875055147e-05,3.984658802330885123e+02,1.998191243112700022e+02,1.416930195845083262e-03,1.307266128525832408e-03,1.834350395050999508e-04,-1.549557677012040630e-05,0.000000000000000000e+00,0.000000000000000000e+00,1.776356839400250465e-14
7.629901473058898773e+02,6.318059989855469212e+02,3.397550781637112660e+00,4.101326141488206076e+02,1.199000448678559394e+02,-1.570799937491053955e+00,1.486198624833834673e-04,2.450355527936550360e-07,-2.719276649761215224e-06,4.008058156936912155e+02,1.598930158282393847e+02,1.570397283027062718e+00,6.630788474834488659e-04,1.415212078867712493e-04,-1.240506724875055147e-05,3.984658802330885123e+02,1.998191243112700022e+02,1.416930195845083262e-03,1.307266128525832408e-03,1.834350395050999508e-04,-1.549557677012040630e-05,0.000000000000000000e+00,0.000000000000000000e+00,1.776356839400250465e-14
7.629901473058898773e+02,6.318059989855469212e+02,3.397550781637112660e+00,4.101326141488206076e+02,1.199000448678559394e+02,-1.570799937491053955e+00,1.486198624833834673e-04,2.450355527936550360e-07,-2.719276649761215224e-06,4.008058156936912155e+02,1.598930158282393847e+02,1.570397283027062718e+00,6.630788474834488659e-04,1.415212078867712493e-04,-1.240506724875055147e-05,3.984658802330885123e+02,1.998191243112700022e+02,1.416930195845083262e-03,1.307266128525832408e-03,1.834350395050999508e-04,-1.549557677012040630e-05,0.000000000000000000e+00,0.000000000000000000e+00,1.776356839400250465e-14
7.629901473058898773e+02,6.318059989855469212e+02,3.397550781637112660e+00,4.101326141488206076e+02,1.199000448678559394e+02,-1.570799937491053955e+00,1.486198624833834673e-04,2.450355527936550360e-07,-2.719276649761215224e-06,4.008058156936912155e+02,1.598930158282393847e+02,1.570397283027062718e+00,6.630788474834488659e-04,1.415212078867712493e-04,-1.240506724875055147e-05,3.984658802330885123e+02,1.998191243112700022e+02,1.416930195845083262e-03,1.307266128525832408e-03,1.834350395050999508e-04,-1.549557677012040630e-05,0.000000000000000000e+00,0.000000000000000000e+00,1.776356839400250465e-14
7.629901473058898773e+02,6.318059989855469212e+02,3.397550781637112660e+00,4.101326141488206076e+02,1.199000448678559394e+02,-1.570799937491053955e+00,1.486198624833834673e-04,2.450355527936550360e-07,-2.719276649761215224e-06,4.008058156936912155e+02,1.598930158282393847e+02,1.570397283027062718e+00,6.630788474834488659e-04,1.415212078867712493e-04,-1.240506724875055147e-05,3.984658802330885123e+02,1.998191243112700022e+02,1.416930195845083262e-03,1.307266128525832408e-03,1.834350395050999508e-04,-1.549557677012040630e-05,0.000000000000000000e+00,0.000000000000000000e+00,1.776356839400250465e-14
7.629901473058898773e+02,6.318059989855469212e+02,3.397550781637112660e+00,4.101326141488206076e+02,1.199000448678559394e+02,-1.570799937491053955e+00,1.486198624833834673e-04,2.450355527936550360e-07,-2.719276649761215224e-06,4.008058156936912155e+02,1.598930158282393847e+02,1.570397283027062718e+00,6.630788474834488659e-04,1.415212078867712493e-04,-1.240506724875055147e-05,3.984658802330885123e+02,1.998191243112700022e+02,1.416930195845083262e-03,1.307266128525832408e-03,1.834350395050999508e-04,-1.549557677012040630e-05,0.000000000000000000e+00,0.000000000000000000e+00,1.776356839400250465e-14
7.629901473058898773e+02,6.318059989855469212e+02,3.397550781637112660e+00,4.101326141488206076e+02,1.199000448678559394e+02,-1.570799937491053955e+00,1.486198624833834673e-04,2.450355527936550360e-07,-2.719276649761215224e-06,4.008058156936912155e+02,1.598930158282393847e+02,1.570397283027062718e+00,6.630788474834488659e-04,1.415212078867712493e-04,-1.240506724875055147e-05,3.984658802330885123e+02,1.998191243112700022e+02,1.416930195845083262e-03,1.307266128525832408e-03,1.834350395050999508e-04,-1.549557677012040630e-05,0.000000000000000000e+00,0.000000000000000000e+00,1.776356839400250465e-14
7.629901473058898773e+02,6.318059989855469212e+02,3.397550781637112660e+00,4.101326141488206076e+02,1.199000448678559394e+02,-1.570799937491053955e+00,1.486198624833834673e-04,2.450355527936550360e-07,-2.719276649761215224e-06,4.008058156936912155e+02,1.598930158282393847e+02,1.570397283027062718e+00,6.630788474834488659e-04,1.415212078867712493e-04,-1.240506724875055147e-05,3.984658802330885123e+02,1.998191243112700022e+02,1.416930195845083262e-03,1.307266128525832408e-03,1.834350395050999508e-04,-1.549557677012040630e-05,0.000000000000000000e+00,0.000000000000000000e+00,1.776356839400250465e-14
7.629901473058898773e+02,6.318059989855469212e+02,3.397550781637112660e+00,4.101326141488206076e+02,1.199000448678559394e+02,-1.570799937491053955e+00,1.486198624833834673e-04,2.450355527936550360e-07,-2.719276649761215224e-06,4.008058156936912155e+02,1.598930158282393847e+02,1.570397283027062718e+00,6.630788474834488659e-04,1.415212078867712493e-04,-1.240506724875055147e-05,3.984658802330885123e+02,1.998191243112700022e+02,1.416930195845083262e-03,1.307266128525832408e-03,1.834350395050999508e-04,-1.549557677012040630e-05,0.000000000000000000e+00,0.000000000000000000e+00,1.776356839400250465e-14
7.629901473058898773e+02,6.318059989855469212e+02,3.397550781637112660e+00,4.101326141488206076e+02,1.199000448678559394e+02,-1.570799937491053955e+00,1.486198624833834673e-04,2.450355527936550360e-07,-2.719276649761215224e-06,4.008058156936912155e+02,1.598930158282393847e+02,1.570397283027062718e+00,6.630788474834488659e-04,1.415212078867712493e-04,-1.240506724875055147e-05,3.984658802330885123e+02,1.998191243112700022e+02,1.416930195845083262e-03,1.307266128525832408e-03,1.834350395050999508e-04,-1.549557677012040630e-05,0.000000000000000000e+00,0.000000000000000000e+00,1.776356839400250465e-14
7.629901473058898773e+02,6.318059989855469212e+02,3.397550781637112660e+00,4.101326141488206076e+02,1.199000448678559394e+02,-1.570799937491053955e+00,1.486198624833834673e-04,2.450355527936550360e-07,-2.719276649761215224e-06,4.008058156936912155e+02,1.598930158282393847e+02,1.570397283027062718e+00,6.630788474834488659e-04,1.415212078867712493e-04,-1.240506724875055147e-05,3.984658802330885123e+02,1.998191243112700022e+02,1.416930195845083262e-03,1.307266128525832408e-03,1.834350395050999508e-04,-1.549557677012040630e-05,0.000000000000000000e+00,0.000000000000000000e+00,1.776356839400250465e-14
7.629901473058898773e+02,6.318059989855469212e+02,3.397550781637112660e+00,4.101326141488206076e+02,1.199000448678559394e+02,-1.570799937491053955e+00,1.486198624833834673e-04,2.450355527936550360e-07,-2.719276649761215224e-06,4.008058156936912155e+02,1.598930158282393847e+02,1.570397283027062718e+00,6.630788474834488659e-04,1.415212078867712493e-04,-1.240506724875055147e-05,3.984658802330885123e+02,1.998191243112700022e+02,1.416930195845083262e-03,1.307266128525832408e-03,1.834350395050999508e-04,-1.549557677012040630e-05,0.000000000000000000e+00,0.000000000000000000e+00,1.776356839400250465e-14
7.629901473058898773e+02,6.318059989855469212e+02,3.397550781637112660e+00,4.101326141488206076e+02,1.199000448678559394e+02,-1.570799937491053955e+00,1.486198624833834673e-04,2.450355527936550360e-07,-2.719276649761215224e-06,4.008058156936912155e+02,1.598930158282393847e+02,1.570397283027062718e+00,6.630788474834488659e-04,1.415212078867712493e-04,-1.240506724875055147e-05,3.984658802330885123e+02,1.998191243112700022e+02,1.416930195845083262e-03,1.307266128525832408e-03,1.834350395050999508e-04,-1.549557677012040630e-05,0.000000000000000000e+00,0.000000000000000000e+00,1.776356839400250465e-14
7.629901473058898773e+02,6.318059989855469212e+02,3.397550781637112660e+00,4.101326141488206076e+02,1.199000448678559394e+02,-1.570799937491053955e+00,1.486198624833834673e-04,2.450355527936550360e-07,-2.719276649761215224e-06,4.008058156936912155e+02,1.598930158282393847e+02,1.570397283027062718e+00,6.630788474834488659e-04,1.415212078867712493e-04,-1.240506724875055147e-05,3.984658802330885123e+02,1.998191243112700022e+02,1.416930195845083262e-03,1.307266128525832408e-03,1.834350395050999508e-04,-1.549557677012040630e-05,0.000000000000000000e+00,0.000000000000000000e+00,1.776356839400250465e-14
7.629901473058898773e+02,6.318059989855469212e+02,3.397550781637112660e+00,4.101326141488206076e+02,1.199000448678559394e+02,-1.570799937491053955e+00,1.486198624833834673e-04,2.450355527936550360e-07,-2.719276649761215224e-06,4.008058156936912155e+02,1.598930158282393847e+02,1.570397283027062718e+00,6.630788474834488659e-04,1.415212078867712493e-04,-1.240506724875055147e-05,3.984658802330885123e+02,1.998191243112700022e+02,1.416930195845083262e-03,1.307266128525832408e-03,1.834350395050999508e-04,-1.549557677012040630e-05,0.000000000000000000e+00,0.000000000000000000e+00,1.776356839400250465e-14
7.629901473058898773e+02,6.318059989855469212e+02,3.397550781637112660e+00,4.101326141488206076e+02,1.199000448678559394e+02,-1.570799937491053955e+00,1.486198624833834673e-04,2.450355527936550360e-07,-2.719276649761215224e-06,4.008058156936912155e+02,1.598930158282393847e+02,1.570397283027062718e+00,6.630788474834488659e-04,1.415212078867712493e-04,-1.240506724875055147e-05,3.984658802330885123e+02,1.998191243112700022e+02,1.416930195845083262e-03,1.307266128525832408e-03,1.834350395050999508e-04,-1.549557677012040630e-05,0.000000000000000000e+00,0.000000000000000000e+00,1.776356839400250465e-14
7.629901473058898773e+02,6.318059989855469212e+02,3.397550781637112660e+00,4.101326141488206076e+02,1.199000448678559394e+02,-1.570799937491053955e+00,1.486198624833834673e-04,2.450355527936550360e-07,-2.719276649761215224e-06,4.008058156936912155e+02,1.598930158282393847e+02,1.570397283027062718e+00,6.630788474834488659e-04,1.415212078867712493e-04,-1.240506724875055147e-05,3.984658802330885123e+02,1.998191243112700022e+02,1.416930195845083262e-03,1.307266128525832408e-03,1.834350395050999508e-04,-1.549557677012040630e-05,0.000000000000000000e+00,0.000000000000000000e+00,1.776356839400250465e-14
7.629901473058898773e+02,6.318059989855469212e+02,3.397550781637112660e+00,4.101326141488206076e+02,1.199000448678559394e+02,-1.570799937491053955e+00,1.486198624833834673e-04,2.450355527936550360e-07,-2.719276649761215224e-06,4.008058156936912155e+02,1.598930158282393847e+02,1.570397283027062718e+00,6.630788474834488659e-04,1.415212078867712493e-04,-1.240506724875055147e-05,3.984658802330885123e+02,1.998191243112700022e+02,1.416930195845083262e-03,1.307266128525832408e-03,1.834350395050999508e-04,-1.549557677012040630e-05,0.000000000000000000e+00,0.000000000000000000e+00,1.776356839400250465e-14
7.629901473058898773e+02,6.318059989855469212e+02,3.397550781637112660e+00,4.101326141488206076e+02,1.199000448678559394e+02,-1.570799937491053955e+00,1.486198624833834673e-04,2.450355527936550360e-07,-2.719276649761215224e-06,4.008058156936912155e+02,1.598930158282393847e+02,1.570397283027062718e+00,6.630788474834488659e-04,1.415212078867712493e-04,-1.240506724875055147e-05,3.984658802330885123e+02,1.998191243112700022e+02,1.416930195845083262e-03,1.307266128525832408e-03,1.834350395050999508e-04,-1.549557677012040630e-05,0.000000000000000000e+00,0.000000000000000000e+00,1.776356839400250465e-14
7.629901473058898773e+02,6.318059989855469212e+02,3.397550781637112660e+00,4.101326141488206076e+02,1.199000448678559394e+02,-1.570799937491053955e+00,1.486198624833834673e-04,2.450355527936550360e-07,-2.719276649761215224e-06,4.008058156936912155e+02,1.598930158282393847e+02,1.570397283027062718e+00,6.630788474834488659e-04,1.415212078867712493e-04,-1.240506724875055147e-05,3.984658802330885123e+02,1.998191243112700022e+02,1.416930195845083262e-03,1.307266128525832408e-03,1.834350395050999508e-04,-1.549557677012040630e-05,0.000000000000000000e+00,0.000000000000000000e+00,1.776356839400250465e-14
7.629901473058898773e+02,6.318059989855469212e+02,3.397550781637112660e+00,4.101326141488206076e+02,1.199000448678559394e+02,-1.570799937491053955e+00,1.486198624833834673e-04,2.450355527936550360e-07,-2.719276649761215224e-06,4.008058156936912155e+02,1.598930158282393847e+02,1.570397283027062718e+00,6.630788474834488659e-04,1.415212078867712493e-04,-1.240506724875055147e-05,3.984658802330885123e+02,1.998191243112700022e+02,1.416930195845083262e-03,1.307266128525832408e-03,1.834350395050999508e-04,-1.549557677012040630e-05,0.000000000000000000e+00,0.000000000000000000e+00,1.776356839400250465e-14
7.629901473058898773e+02,6.318059989855469212e+02,3.397550781637112660e+00,4.101326141488206076e+02,1.199000448678559394e+02,-1.570799937491053955e+00,1.486198624833834673e-04,2.450355527936550360e-07,-2.719276649761215224e-06,4.008058156936912155e+02,1.598930158282393847e+02,1.570397283027062718e+00,6.630788474834488659e-04,1.415212078867712493e-04,-1.240506724875055147e-05,3.984658802330885123e+02,1.998191243112700022e+02,1.416930195845083262e-03,1.307266128525832408e-03,1.834350395050999508e-04,-1.549557677012040630e-05,0.000000000000000000e+00,0.000000000000000000e+00,1.776356839400250465e-14
7.629901473058898773e+02,6.318059989855469212e+02,3.397550781637112660e+00,4.101326141488206076e+02,1.199000448678559394e+02,-1.570799937491053955e+00,1.486198624833834673e-04,2.450355527936550360e-07,-2.719276649761215224e-06,4.008058156936912155e+02,1.598930158282393847e+02,1.570397283027062718e+00,6.630788474834488659e-04,1.415212078867712493e-04,-1.240506724875055147e-05,3.984658802330885123e+02,1.998191243112700022e+02,1.416930195845083262e-03,1.307266128525832408e-03,1.834350395050999508e-04,-1.549557677012040630e-05,0.000000000000000000e+00,0.000000000000000000e+00,1.776356839400250465e-14
